artistID,tagID
1,139
2,575
3,4
4,139
5,575
6,7
7,1
8,139
9,61
10,86
11,86
12,5
13,86
14,61
15,4
16,179
17,61
18,575
19,61
20,4
22,61
23,6
24,61
25,1
26,565
27,61
28,4
29,18
30,74
31,86
32,86
33,565
34,86
35,67
36,61
37,86
38,565
39,575
40,18
41,86
43,61
44,61
45,181
46,545
47,4
48,321
49,61
50,61
51,25
52,21
53,18
54,21
55,24
56,18
57,13
58,18
59,16
61,25
62,25
63,14
64,18
65,79
66,18
67,24
68,25
69,625
70,18
71,130
72,18
73,13
74,130
75,16
76,18
77,24
78,16
79,16
80,18
81,21
82,395
83,25
84,18
85,25
86,83
87,24
88,79
89,24
90,21
91,16
92,16
93,14
94,13
95,25
96,192
97,625
98,395
99,25
100,25
101,14
102,14
103,14
104,14
106,14
107,14
108,15
113,526
116,14
120,47
121,15
122,15
126,1534
128,14
130,14
132,14
134,14
137,1995
138,14
140,18
141,14
142,14
143,14
146,13
148,14
151,14
152,387
153,74
154,79
155,24
156,79
157,24
158,347
159,16
160,299
161,39
162,87
163,387
165,18
166,79
167,39
170,84
171,73
172,73
173,79
174,18
175,14
176,72
178,73
179,78
180,24
181,7
182,79
183,85
184,24
185,73
186,387
187,16
188,76
189,78
190,78
191,79
192,24
193,25
194,121
195,81
196,292
197,829
198,1
199,81
200,181
201,265
202,78
203,389
204,185
205,134
206,79
207,84
208,84
209,73
210,81
211,292
212,292
213,321
214,33
215,134
216,81
217,81
218,127
219,292
220,73
221,389
222,84
223,81
225,81
226,73
227,192
228,73
229,81
230,182
231,81
232,127
233,61
234,170
235,79
236,81
237,18
238,21
239,167
240,304
241,167
245,311
246,693
247,167
248,103
249,102
250,311
251,130
252,167
253,73
255,102
256,432
257,167
258,24
259,102
260,625
261,693
262,130
263,83
264,130
265,130
266,625
267,102
268,25
269,167
270,693
271,102
272,167
273,167
275,49
276,102
278,102
279,167
283,693
284,102
285,24
286,311
287,167
288,24
289,24
290,24
291,24
292,24
293,24
294,130
295,167
296,24
297,73
298,24
299,24
300,24
301,625
302,24
303,24
304,24
305,24
306,102
307,24
308,167
309,167
310,24
311,24
312,167
313,130
314,167
316,130
317,167
318,24
319,130
320,24
321,109
322,167
323,24
324,169
325,24
326,24
327,167
328,39
329,24
330,102
331,102
332,167
333,24
334,24
335,24
338,24
340,24
342,130
343,24
344,193
345,30
346,24
347,24
348,30
349,24
350,24
351,24
352,24
353,134
354,24
355,24
356,193
357,30
358,24
359,130
360,193
362,130
364,193
366,185
367,39
369,24
370,82
371,79
372,139
374,140
375,140
376,541
377,73
378,73
379,140
380,292
381,306
382,139
383,181
384,134
385,140
386,39
389,23
390,139
391,7
393,24
394,541
395,140
396,139
397,139
399,140
400,39
401,141
403,73
405,73
406,139
407,14
408,73
409,39
410,24
412,182
415,30
416,84
417,79
418,14
419,84
420,81
421,73
422,432
423,81
424,81
425,84
426,84
427,84
428,81
429,25
430,130
431,81
432,81
433,81
434,73
435,88
436,78
437,81
438,432
439,432
440,33
441,275
442,292
443,81
444,14
445,292
446,81
447,79
448,84
450,81
451,84
452,432
453,170
454,81
455,24
456,24
457,352
458,24
459,352
460,102
461,24
462,24
463,24
464,18
465,24
466,24
467,24
468,167
469,24
470,81
471,18
472,73
474,167
475,103
476,167
477,81
478,103
479,24
480,102
481,182
482,167
484,167
485,167
486,73
487,61
488,78
489,177
490,78
491,102
492,176
493,79
494,176
495,78
496,73
497,79
498,73
499,78
500,376
501,78
502,24
503,385
504,73
505,2
506,82
507,180
508,79
509,61
510,177
511,73
512,1
513,78
514,177
515,575
516,61
517,177
518,89
519,6
520,18
521,188
522,7
523,24
524,18
525,24
526,18
527,103
528,24
529,39
530,24
531,167
532,39
533,389
534,24
535,39
536,182
537,73
538,24
539,81
540,169
541,18
542,73
543,24
544,24
545,102
546,18
547,103
548,18
549,247
550,16
552,16
554,247
557,75
559,75
562,192
563,247
565,829
566,625
567,625
569,625
570,108
571,184
572,83
573,73
574,829
575,625
576,625
578,85
580,829
581,829
582,829
583,829
584,625
585,108
589,85
590,83
591,321
592,184
593,24
594,88
597,247
599,73
600,18
601,85
602,292
603,14
604,81
605,102
606,185
607,387
608,33
609,185
610,83
611,87
612,16
613,83
614,170
615,81
616,47
617,102
618,81
619,102
620,389
621,14
622,292
624,81
625,83
627,18
629,81
630,192
631,61
632,87
633,32
635,24
636,24
637,39
638,24
640,24
641,24
642,109
643,73
644,39
645,102
646,24
647,24
648,24
650,79
652,24
655,321
656,102
657,24
658,24
659,24
660,345
661,39
662,24
667,130
668,24
669,306
670,49
674,39
675,73
676,24
677,24
678,73
679,850
680,24
681,24
682,24
683,185
685,405
686,24
687,169
688,24
689,81
690,81
691,18
692,206
693,169
696,79
697,130
699,167
700,78
701,24
702,642
703,81
704,73
705,432
706,72
707,1
708,432
709,73
710,386
711,192
712,73
713,72
714,25
715,73
716,84
717,192
718,193
719,102
720,181
721,526
722,39
723,83
724,386
725,73
726,1
727,23
728,192
730,192
731,90
732,72
733,192
734,73
735,192
737,76
738,90
739,432
743,14
744,47
745,14
746,18
747,14
748,14
749,14
750,625
751,33
752,67
753,47
754,139
755,87
756,47
757,18
758,79
759,79
760,18
761,102
763,87
764,185
766,18
767,14
768,180
769,87
770,33
772,47
774,87
775,14
777,187
778,47
779,378
780,47
782,18
783,47
784,47
785,6
786,24
787,308
788,308
789,39
790,24
791,24
792,130
793,24
794,39
795,130
796,24
797,24
798,24
800,24
801,127
802,24
803,24
804,376
805,376
806,385
807,7
808,181
809,385
810,376
811,385
812,385
813,376
814,376
815,376
816,180
818,376
819,72
820,385
821,385
822,5
823,376
824,385
825,378
826,5
827,194
828,194
829,194
830,376
831,376
832,376
833,378
834,376
835,385
837,385
839,378
840,182
841,91
842,378
843,91
844,385
845,1006
846,376
849,194
850,376
851,73
852,16
853,78
854,170
855,78
856,170
857,181
858,130
859,79
860,170
861,275
862,81
863,88
864,61
865,73
866,275
867,79
868,192
869,78
870,190
871,275
872,7
874,25
875,275
876,61
877,16
878,74
879,387
880,86
881,386
882,79
883,7
884,188
885,130
886,130
887,18
888,130
889,25
890,18
891,130
892,193
893,360
894,18
895,18
896,81
897,26
898,81
899,130
900,130
901,81
902,73
903,625
904,39
905,73
906,24
907,167
908,24
909,24
910,184
911,24
912,184
913,167
914,24
915,24
917,386
918,91
919,386
920,76
921,76
922,386
923,385
924,615
925,615
926,285
927,76
928,615
929,386
930,89
931,72
932,73
934,91
935,73
936,615
937,615
938,386
939,76
940,615
942,615
943,76
944,76
945,73
946,615
947,91
949,5
950,76
951,73
952,386
953,385
954,91
955,89
956,386
957,615
958,386
959,192
960,76
961,130
962,24
963,191
964,387
965,170
966,73
967,24
968,90
969,81
970,24
971,79
972,24
973,191
974,130
975,192
977,81
978,1
979,73
980,199
981,130
982,73
983,185
984,296
985,16
986,83
987,85
989,130
990,75
991,81
992,73
993,16
994,16
995,25
996,192
997,16
998,16
999,25
1000,16
1001,25
1002,24
1003,16
1004,16
1005,16
1006,16
1007,90
1008,16
1009,18
1011,79
1012,30
1013,16
1014,25
1015,16
1016,39
1017,16
1018,74
1019,25
1020,90
1021,39
1023,39
1024,39
1025,39
1026,39
1027,16
1028,17
1029,90
1030,90
1031,25
1032,24
1033,1249
1034,24
1035,18
1036,73
1037,102
1038,1249
1039,1249
1040,1249
1041,73
1042,167
1043,169
1044,1
1045,73
1046,169
1047,109
1048,81
1049,73
1050,601
1051,167
1052,24
1053,73
1054,405
1055,73
1056,102
1057,24
1058,24
1059,109
1060,17
1061,18
1062,18
1063,18
1064,30
1065,74
1066,86
1067,74
1068,16
1069,18
1070,14
1071,184
1072,18
1073,18
1074,74
1075,18
1076,24
1077,25
1078,16
1079,25
1080,17
1081,352
1083,275
1084,74
1085,391
1089,389
1090,81
1091,181
1092,134
1093,79
1094,73
1095,18
1096,79
1097,81
1098,18
1099,18
1100,180
1101,81
1102,18
1103,181
1104,1
1105,79
1106,81
1107,79
1109,191
1110,387
1111,185
1112,545
1113,76
1114,130
1116,73
1117,545
1118,78
1119,73
1120,32
1121,545
1122,25
1123,545
1124,545
1125,387
1126,321
1127,24
1128,191
1130,545
1131,76
1132,73
1133,191
1134,82
1135,130
1136,292
1137,170
1138,545
1139,545
1140,387
1141,526
1142,127
1143,82
1145,1
1146,184
1148,14
1150,292
1151,81
1153,18
1154,139
1155,18
1156,18
1157,140
1159,296
1160,247
1161,79
1162,79
1163,81
1164,81
1167,292
1168,83
1170,387
1171,180
1172,191
1173,387
1175,545
1176,33
1177,1
1178,14
1179,182
1180,180
1181,178
1182,176
1183,169
1184,180
1185,180
1186,182
1187,180
1188,180
1189,185
1190,180
1191,18
1192,169
1193,169
1194,73
1195,180
1196,378
1197,176
1198,169
1200,180
1201,79
1202,170
1203,61
1204,741
1205,33
1206,181
1207,265
1208,73
1210,79
1211,25
1213,389
1214,5
1216,76
1218,18
1219,299
1220,193
1221,33
1222,47
1223,1
1225,1356
1226,14
1227,191
1228,178
1229,14
1230,85
1231,130
1232,39
1233,33
1234,67
1235,73
1236,18
1237,102
1238,625
1239,73
1240,72
1241,432
1242,247
1243,24
1244,192
1245,73
1246,79
1247,73
1248,73
1249,72
1250,14
1251,4
1252,86
1253,61
1254,4
1255,564
1256,86
1257,91
1258,5
1259,4
1260,4
1261,91
1263,7
1264,5
1265,86
1269,327
1270,565
1271,82
1272,18
1274,91
1275,4
1276,4
1277,565
1278,86
1279,86
1280,86
1281,5
1283,18
1284,5
1285,90
1286,5
1288,327
1292,74
1293,74
1294,86
1295,86
1296,74
1297,600
1298,18
1299,86
1300,575
1301,86
1302,86
1303,86
1304,86
1305,90
1306,90
1307,86
1308,90
1309,90
1312,600
1313,86
1314,86
1315,86
1316,30
1317,30
1318,327
1319,39
1320,74
1321,74
1322,74
1323,30
1324,565
1325,600
1326,86
1327,30
1328,600
1329,600
1330,90
1331,61
1332,86
1333,600
1334,18
1335,86
1336,600
1337,91
1338,615
1339,615
1340,386
1341,91
1342,615
1343,76
1344,91
1345,1
1346,386
1347,615
1348,615
1349,615
1350,615
1351,73
1352,91
1353,386
1354,1
1355,386
1356,91
1357,91
1358,386
1359,89
1360,386
1362,76
1363,615
1364,91
1365,386
1366,386
1368,386
1369,386
1370,386
1371,386
1372,72
1373,617
1374,615
1375,81
1376,84
1377,79
1378,78
1379,18
1380,78
1381,389
1382,79
1383,81
1384,389
1385,81
1386,134
1388,185
1389,81
1390,81
1392,102
1394,18
1395,39
1396,18
1397,18
1398,18
1399,105
1400,18
1401,105
1402,103
1403,18
1404,14
1405,18
1406,181
1407,39
1408,18
1409,18
1410,18
1411,387
1412,192
1413,387
1414,192
1415,192
1416,192
1417,76
1418,87
1419,73
1420,192
1421,134
1422,192
1423,87
1424,292
1425,387
1426,192
1427,625
1428,24
1429,24
1430,24
1431,231
1432,306
1433,24
1434,18
1435,231
1436,24
1438,308
1440,319
1441,24
1443,39
1444,102
1445,234
1446,356
1447,193
1449,39
1450,24
1451,24
1452,24
1453,405
1455,102
1456,18
1457,167
1458,24
1459,193
1460,39
1461,24
1462,193
1463,130
1464,24
1465,39
1467,24
1468,387
1469,192
1470,79
1475,308
1478,247
1479,25
1481,81
1485,18
1486,79
1487,719
1489,193
1491,545
1492,16
1497,18
1499,308
1500,308
1502,81
1503,18
1504,79
1505,130
1507,167
1508,81
1509,370
1510,73
1511,81
1512,81
1513,181
1514,81
1515,81
1516,81
1517,81
1518,292
1519,81
1520,73
1521,5
1522,91
1523,91
1524,91
1525,91
1526,91
1527,91
1528,91
1529,91
1530,91
1531,91
1532,1
1533,741
1534,190
1535,386
1536,91
1537,103
1538,378
1539,378
1540,376
1541,376
1542,378
1543,102
1544,167
1545,194
1546,178
1547,194
1548,194
1549,378
1550,378
1551,378
1552,376
1553,432
1554,378
1555,378
1556,625
1557,378
1559,33
1561,5
1562,180
1563,378
1565,5
1566,378
1567,378
1568,741
1569,376
1570,5
1571,24
1572,24
1573,24
1574,24
1575,24
1576,18
1577,24
1579,24
1580,24
1583,103
1584,79
1585,73
1586,345
1588,850
1589,24
1590,24
1591,24
1592,102
1593,39
1595,102
1596,167
1597,130
1599,134
1600,39
1601,130
1602,24
1603,24
1604,24
1605,102
1606,103
1608,102
1609,18
1610,102
1611,102
1613,102
1614,102
1615,102
1617,102
1619,354
1620,102
1621,102
1622,102
1623,102
1626,304
1631,102
1632,81
1633,292
1634,102
1636,102
1638,102
1639,192
1640,102
1641,102
1643,73
1645,181
1648,1097
1650,181
1651,78
1652,78
1655,73
1656,24
1659,18
1660,73
1662,823
1663,296
1664,84
1666,73
1668,81
1669,73
1670,180
1671,180
1672,376
1673,73
1674,18
1675,180
1677,61
1678,178
1679,24
1680,18
1681,73
1682,24
1683,193
1684,405
1685,405
1686,73
1687,130
1688,18
1689,169
1690,24
1691,73
1692,167
1694,193
1696,193
1698,24
1700,184
1701,79
1702,89
1703,25
1704,30
1705,184
1706,78
1707,179
1708,545
1709,14
1710,89
1711,61
1712,6
1713,18
1714,6
1715,14
1716,184
1717,14
1718,130
1719,84
1720,191
1721,134
1723,33
1724,13
1725,185
1726,73
1727,14
1728,81
1729,191
1730,81
1731,14
1732,292
1735,1995
1736,14
1737,87
1738,18
1739,14
1740,184
1743,545
1744,14
1745,47
1746,130
1747,14
1752,18
1754,850
1755,693
1756,292
1757,693
1758,693
1759,406
1760,73
1761,693
1762,526
1763,693
1764,693
1765,134
1766,79
1767,130
1768,432
1770,545
1771,432
1772,83
1774,23
1775,73
1776,292
1777,127
1778,73
1779,432
1781,321
1782,184
1783,83
1784,85
1785,345
1786,345
1787,21
1788,127
1789,311
1790,21
1791,73
1793,14
1794,81
1795,73
1796,73
1797,73
1798,345
1799,16
1800,13
1801,21
1802,247
1803,72
1804,80
1805,80
1806,88
1807,72
1808,848
1809,72
1810,72
1811,181
1812,170
1813,73
1814,181
1815,73
1816,24
1817,130
1818,20
1819,85
1820,735
1821,625
1822,13
1823,85
1824,13
1825,24
1826,85
1827,18
1828,130
1829,85
1830,88
1831,83
1832,39
1833,83
1834,130
1835,83
1836,33
1837,134
1839,102
1841,13
1842,13
1843,25
1844,850
1845,85
1846,85
1847,625
1848,83
1850,25
1851,545
1852,73
1853,180
1854,73
1855,183
1857,541
1858,73
1859,73
1860,103
1861,376
1863,178
1864,78
1865,139
1866,73
1867,183
1868,180
1870,1
1872,139
1873,73
1874,73
1875,79
1876,186
1877,140
1878,16
1879,16
1881,16
1882,25
1883,16
1884,79
1885,16
1886,16
1887,16
1888,275
1889,25
1890,16
1891,16
1892,25
1893,16
1894,25
1895,16
1896,275
1897,16
1898,16
1899,25
1900,25
1901,79
1902,17
1903,73
1904,24
1905,73
1906,140
1907,23
1908,184
1910,139
1911,139
1912,140
1913,386
1914,190
1915,139
1916,139
1917,7
1918,39
1919,541
1921,184
1922,140
1923,139
1925,352
1926,139
1927,828
1929,139
1931,7
1933,139
1934,625
1935,167
1936,167
1937,167
1938,167
1940,167
1941,625
1942,39
1943,15
1944,81
1945,47
1946,83
1947,84
1948,304
1949,79
1950,102
1951,296
1952,102
1953,33
1954,88
1956,18
1957,81
1958,78
1959,826
1960,81
1961,18
1962,102
1963,102
1964,391
1965,18
1966,73
1967,102
1968,299
1969,47
1970,187
1971,130
1972,102
1974,79
1975,102
1976,73
1977,79
1978,181
1979,102
1980,79
1981,73
1982,73
1983,18
1984,182
1985,73
1986,18
1987,347
1988,81
1989,102
1990,14
1991,81
1992,386
1993,615
1994,76
1995,76
1996,76
1997,615
1998,76
1999,1
2000,541
2001,83
2002,76
2003,387
2004,386
2005,76
2006,76
2009,615
2011,601
2013,72
2014,7
2015,615
2016,387
2018,39
2019,24
2020,719
2021,39
2022,24
2023,25
2024,195
2025,18
2026,33
2027,16
2028,73
2029,265
2030,33
2031,735
2032,1
2033,265
2034,181
2035,184
2036,181
2037,16
2038,1
2039,30
2040,545
2041,565
2042,61
2043,61
2044,130
2045,184
2046,608
2047,545
2048,608
2049,14
2050,545
2051,306
2053,24
2054,130
2055,184
2059,191
2060,14
2062,376
2064,308
2065,24
2067,24
2068,191
2069,1
2070,608
2071,184
2072,130
2075,14
2076,545
2077,13
2079,130
2080,176
2081,18
2082,24
2083,18
2084,39
2085,18
2086,140
2087,74
2088,308
2089,39
2091,130
2092,24
2093,139
2094,140
2095,39
2096,541
2097,130
2098,24
2099,24
2100,141
2101,18
2102,140
2104,541
2106,167
2107,167
2110,140
2113,81
2114,134
2115,199
2116,140
2118,18
2121,81
2123,14
2124,321
2125,296
2127,247
2128,81
2129,73
2130,78
2131,81
2132,195
2133,195
2134,79
2135,102
2136,321
2137,81
2138,24
2139,296
2142,84
2143,376
2145,14
2146,47
2147,574
2148,33
2149,34
2150,73
2151,76
2153,626
2154,79
2155,177
2156,33
2157,47
2158,34
2160,376
2161,47
2162,33
2164,47
2165,626
2166,47
2167,81
2168,177
2169,6
2172,5
2173,626
2174,33
2175,83
2176,83
2179,103
2182,73
2183,73
2184,83
2185,378
2186,376
2187,194
2188,376
2189,376
2190,376
2192,376
2193,103
2194,83
2195,378
2196,181
2198,376
2200,378
2202,376
2203,180
2204,180
2205,33
2206,78
2209,194
2210,180
2211,91
2214,180
2220,167
2222,102
2223,13
2226,102
2227,103
2229,102
2231,102
2236,102
2242,102
2247,102
2251,103
2252,103
2253,13
2263,49
2264,73
2265,292
2266,84
2267,84
2268,127
2269,292
2270,33
2271,79
2273,33
2276,81
2277,81
2279,81
2280,24
2281,33
2282,84
2285,33
2288,83
2289,18
2291,24
2292,83
2297,79
2298,191
2300,292
2301,24
2303,130
2304,292
2306,191
2307,292
2308,25
2309,18
2312,292
2313,130
2316,73
2317,130
2320,13
2323,33
2324,79
2330,33
2331,130
2337,46
2338,73
2339,73
2340,130
2341,72
2342,386
2343,72
2344,386
2345,72
2346,72
2347,72
2348,72
2349,72
2350,72
2351,73
2352,78
2353,80
2354,24
2356,72
2357,72
2358,72
2360,72
2361,72
2362,72
2363,72
2364,72
2366,387
2369,1
2370,385
2372,72
2373,73
2375,33
2376,79
2377,73
2378,376
2379,91
2380,72
2381,5
2382,378
2383,376
2384,376
2385,73
2386,378
2387,378
2390,24
2391,24
2392,508
2393,167
2394,308
2395,308
2396,25
2397,308
2398,81
2402,33
2404,611
2405,81
2407,81
2408,81
2411,79
2412,935
2415,79
2416,21
2417,127
2418,370
2419,83
2420,84
2422,611
2424,81
2425,79
2426,180
2427,24
2428,73
2429,376
2430,178
2432,130
2433,24
2434,24
2435,130
2436,193
2437,193
2438,98
2439,193
2440,308
2441,130
2442,193
2443,193
2444,134
2445,193
2446,184
2447,193
2448,193
2449,193
2450,193
2451,39
2452,98
2453,193
2454,193
2455,184
2456,193
2457,193
2458,83
2459,83
2460,1627
2462,319
2463,192
2465,130
2466,193
2467,193
2468,193
2469,387
2470,33
2471,33
2472,33
2473,33
2475,33
2477,33
2478,184
2479,102
2480,275
2481,275
2482,67
2484,79
2486,61
2487,79
2488,275
2490,265
2491,33
2493,33
2495,275
2496,33
2497,140
2498,39
2500,39
2502,39
2506,39
2509,39
2511,39
2512,541
2514,39
2515,24
2518,130
2521,24
2522,102
2523,24
2524,84
2525,73
2526,109
2530,18
2531,195
2532,389
2533,81
2534,296
2535,18
2536,79
2537,935
2538,296
2539,195
2541,81
2542,391
2543,18
2544,130
2545,130
2546,130
2548,24
2549,24
2552,25
2553,735
2554,25
2556,25
2557,13
2558,73
2559,16
2560,192
2561,285
2562,25
2563,192
2564,130
2565,72
2567,25
2569,387
2570,192
2571,130
2572,81
2574,180
2575,81
2576,376
2577,84
2578,81
2579,76
2580,78
2582,81
2583,364
2584,79
2585,87
2586,378
2587,18
2588,76
2591,84
2593,33
2594,76
2595,72
2596,199
2597,73
2598,102
2599,18
2600,81
2601,81
2602,18
2605,15
2606,389
2607,109
2608,185
2609,311
2610,84
2611,84
2612,134
2614,81
2615,73
2616,130
2617,33
2618,178
2619,73
2620,850
2621,180
2622,378
2623,139
2624,387
2625,611
2626,184
2627,134
2628,611
2629,16
2630,134
2632,134
2633,16
2637,79
2638,83
2639,79
2640,134
2641,84
2642,73
2643,178
2644,78
2645,24
2646,79
2648,265
2651,1
2652,79
2653,1249
2654,5
2656,109
2657,24
2658,24
2659,24
2660,73
2661,73
2662,24
2664,72
2665,169
2666,81
2667,47
2668,18
2669,47
2670,47
2671,47
2672,47
2673,47
2674,47
2675,34
2676,14
2677,47
2678,18
2679,47
2680,18
2681,18
2682,14
2683,194
2685,33
2687,47
2688,47
2690,15
2691,47
2692,14
2693,187
2694,47
2695,47
2697,194
2698,102
2699,102
2700,194
2702,33
2704,249
2707,309
2708,18
2711,15
2712,18
2713,102
2715,39
2716,21
2717,18
2718,18
2723,169
2725,18
2728,18
2730,4
2732,181
2733,18
2734,73
2735,73
2737,1
2738,79
2740,91
2741,73
2742,192
2743,73
2744,91
2745,18
2746,828
2747,79
2749,4
2750,5
2751,4
2753,13
2755,4
2756,4
2757,76
2759,608
2761,76
2762,5
2763,5
2765,5
2767,4
2769,743
2771,87
2772,4
2774,4
2775,387
2778,5
2780,72
2781,72
2782,72
2783,73
2784,72
2785,72
2786,192
2787,72
2788,73
2789,72
2790,1286
2791,72
2792,73
2794,72
2795,73
2796,80
2797,72
2799,130
2801,24
2802,24
2803,24
2805,321
2806,306
2807,90
2809,24
2810,626
2811,18
2812,87
2813,21
2814,81
2815,81
2817,1
2818,18
2819,18
2820,81
2821,73
2823,73
2824,18
2826,81
2828,87
2829,102
2830,18
2831,18
2832,102
2833,61
2834,192
2835,78
2836,78
2838,386
2839,73
2840,185
2841,102
2842,829
2843,73
2845,180
2846,177
2847,180
2848,16
2849,1
2850,178
2851,1
2852,24
2853,192
2854,73
2855,192
2856,25
2857,292
2858,73
2859,72
2861,192
2862,445
2864,445
2869,445
2871,445
2873,445
2879,829
2886,830
2887,829
2893,192
2894,829
2895,191
2896,445
2898,192
2899,192
2900,1355
2901,192
2902,108
2904,228
2905,102
2906,102
2907,103
2910,102
2911,103
2913,102
2914,2349
2915,102
2916,103
2917,102
2918,102
2919,102
2921,102
2922,102
2923,102
2924,103
2925,370
2927,103
2929,25
2930,103
2931,102
2932,103
2933,25
2934,39
2935,74
2936,16
2937,16
2938,275
2939,24
2940,376
2941,73
2943,177
2944,18
2945,2
2946,1
2947,2
2948,376
2949,76
2950,2
2951,2
2952,299
2953,385
2954,7
2955,194
2956,177
2958,1
2959,180
2961,6
2962,387
2963,385
2964,6
2965,76
2966,385
2967,1
2969,385
2970,5
2971,76
2972,76
2973,25
2974,385
2975,615
2976,103
2977,306
2978,78
2979,130
2981,73
2982,193
2983,73
2984,24
2986,73
2987,73
2988,693
2990,167
2991,83
2996,193
3000,292
3001,130
3003,83
3004,83
3005,83
3008,83
3011,181
3012,83
3015,83
3016,193
3017,625
3019,83
3021,13
3022,292
3023,292
3024,829
3026,296
3027,194
3028,1006
3029,376
3030,81
3031,121
3032,194
3033,185
3034,18
3037,181
3038,13
3040,33
3041,180
3042,194
3043,194
3046,130
3047,73
3049,73
3050,194
3051,72
3053,275
3055,265
3056,73
3057,130
3058,83
3060,319
3062,16
3063,308
3065,192
3066,191
3067,25
3068,81
3069,73
3070,735
3071,192
3074,24
3075,24
3076,81
3077,199
3078,183
3079,24
3080,167
3081,130
3082,73
3083,72
3084,78
3085,73
3086,376
3087,61
3088,386
3089,72
3090,72
3092,183
3093,72
3094,73
3095,72
3096,72
3097,79
3100,21
3102,134
3103,21
3104,24
3105,185
3106,78
3107,134
3108,79
3109,21
3110,134
3112,33
3113,73
3114,134
3115,184
3117,134
3118,306
3119,79
3121,21
3122,130
3123,39
3124,78
3125,109
3126,121
3127,183
3128,24
3129,79
3130,265
3131,69
3132,21
3133,69
3134,311
3135,311
3138,311
3141,13
3142,311
3145,69
3146,311
3147,311
3149,311
3150,311
3153,69
3154,69
3156,1627
3157,69
3158,18
3160,191
3161,69
3163,69
3164,21
3169,102
3171,625
3173,432
3176,24
3177,130
3178,193
3179,24
3182,406
3183,74
3184,575
3186,18
3187,24
3188,61
3190,86
3191,575
3192,74
3193,199
3194,24
3195,179
3196,18
3197,7
3198,18
3199,24
3200,81
3201,130
3202,134
3203,84
3204,25
3205,81
3206,130
3208,81
3209,287
3210,299
3213,184
3216,32
3217,184
3218,238
3219,18
3221,743
3222,18
3227,102
3230,192
3231,79
3234,76
3236,177
3237,73
3238,73
3239,177
3240,177
3241,376
3242,1
3243,73
3244,6
3245,1
3246,376
3247,73
3248,1534
3249,81
3250,292
3252,127
3253,84
3255,84
3258,81
3259,84
3260,88
3264,387
3266,73
3267,134
3269,387
3270,25
3272,134
3273,81
3275,352
3276,16
3277,18
3279,275
3280,391
3281,16
3282,393
3285,61
3286,33
3287,130
3288,18
3289,61
3290,391
3291,275
3292,275
3293,81
3294,33
3296,25
3298,79
3299,275
3300,18
3301,24
3302,25
3303,625
3304,25
3305,130
3306,24
3307,608
3308,387
3309,130
3310,321
3311,24
3313,24
3314,167
3315,102
3316,102
3317,102
3318,102
3319,18
3320,306
3321,193
3322,13
3324,140
3327,24
3328,182
3329,234
3331,24
3332,24
3333,181
3334,15
3335,81
3338,13
3339,18
3341,169
3344,67
3346,102
3347,79
3348,67
3349,216
3351,67
3352,13
3354,181
3355,102
3357,102
3359,25
3360,233
3361,18
3364,180
3366,16
3367,73
3368,73
3369,79
3370,79
3371,81
3373,73
3374,24
3375,134
3376,24
3377,127
3378,406
3379,432
3380,406
3381,73
3382,73
3383,193
3384,311
3385,24
3386,292
3388,432
3391,406
3392,308
3393,24
3396,432
3397,24
3398,182
3399,249
3400,73
3402,176
3403,206
3404,18
3405,387
3406,185
3407,78
3408,7
3410,4
3411,18
3412,127
3413,39
3414,87
3415,76
3416,7
3417,33
3418,387
3420,387
3421,387
3422,7
3423,76
3424,130
3425,1
3426,735
3427,73
3428,194
3429,7
3430,25
3431,25
3432,179
3433,275
3434,181
3435,179
3436,181
3437,127
3438,179
3439,182
3440,78
3441,16
3442,195
3443,181
3444,181
3445,386
3446,2139
3447,67
3448,25
3450,79
3451,275
3452,181
3453,1
3454,190
3455,127
3456,181
3458,247
3459,79
3460,130
3461,81
3462,184
3464,73
3465,130
3466,134
3467,78
3468,81
3469,389
3470,72
3471,72
3472,73
3473,72
3474,848
3475,73
3476,386
3477,72
3478,134
3480,25
3481,387
3482,192
3483,39
3484,130
3485,39
3486,24
3488,625
3489,130
3490,24
3491,24
3492,24
3493,130
3494,140
3495,18
3497,24
3498,102
3500,130
3501,321
3502,18
3503,39
3504,14
3505,33
3506,33
3508,33
3509,4
3510,14
3511,387
3512,61
3513,6
3515,574
3516,14
3518,14
3519,47
3520,14
3521,14
3522,14
3523,61
3525,61
3527,14
3528,14
3529,33
3530,61
3531,67
3532,570
3533,187
3534,18
3536,14
3537,14
3539,15
3540,181
3541,14
3542,1
3543,385
3544,7
3545,385
3546,61
3547,7
3548,33
3549,6
3551,86
3552,24
3553,611
3554,140
3556,73
3557,24
3558,73
3559,187
3560,184
3561,73
3562,61
3563,78
3564,130
3565,385
3566,6
3567,81
3568,1252
3569,105
3570,24
3571,541
3572,39
3573,39
3574,130
3575,24
3576,24
3580,24
3581,193
3583,193
3584,193
3585,193
3586,839
3587,193
3588,193
3589,193
3590,193
3591,238
3592,193
3593,193
3594,193
3596,193
3598,193
3599,238
3600,193
3601,193
3602,193
3603,193
3604,193
3605,193
3606,193
3608,508
3609,98
3610,184
3611,193
3612,81
3613,79
3614,352
3616,73
3617,292
3620,73
3621,387
3624,91
3625,78
3626,73
3627,33
3628,1
3629,72
3634,299
3635,184
3637,91
3639,1
3640,181
3641,194
3646,182
3648,182
3650,73
3656,127
3657,265
3660,828
3663,32
3665,79
3666,78
3667,102
3669,188
3670,311
3672,130
3673,39
3674,321
3675,25
3676,81
3677,24
3681,130
3682,79
3683,73
3684,81
3685,81
3686,18
3687,15
3689,84
3690,134
3691,33
3693,81
3694,67
3695,18
3696,34
3697,84
3700,391
3701,79
3702,14
3703,14
3705,33
3706,81
3707,18
3708,103
3710,102
3712,103
3713,39
3714,84
3716,103
3717,376
3718,180
3719,1
3720,76
3721,376
3722,5
3723,6
3724,191
3727,76
3728,741
3729,194
3730,18
3731,81
3732,79
3733,24
3734,181
3735,78
3737,73
3738,18
3739,170
3740,194
3741,693
3742,79
3743,311
3744,181
3745,432
3746,311
3747,292
3748,24
3749,73
3751,127
3752,73
3753,79
3754,73
3756,185
3757,81
3758,73
3760,130
3761,24
3762,193
3763,24
3764,1355
3765,193
3767,81
3768,16
3769,18
3770,84
3771,84
3773,79
3774,72
3775,18
3776,85
3777,192
3778,85
3779,76
3780,181
3781,79
3782,4
3783,82
3784,181
3785,741
3786,1
3787,91
3788,743
3789,265
3791,265
3792,181
3794,61
3795,83
3796,18
3797,84
3798,5
3799,5
3800,5
3803,181
3804,5
3805,1
3806,1
3809,82
3810,33
3812,626
3813,87
3815,191
3817,87
3819,742
3820,5
3823,15
3825,5
3826,387
3827,33
3831,81
3832,306
3833,79
3834,24
3836,73
3837,275
3840,345
3845,311
3846,265
3850,73
3851,73
3854,20
3856,73
3858,13
3859,73
3861,83
3862,20
3863,90
3865,608
3866,24
3867,24
3868,13
3870,81
3871,79
3873,78
3874,545
3875,13
3876,24
3877,83
3878,130
3879,308
3880,24
3881,24
3882,184
3884,391
3885,24
3886,184
3888,73
3889,73
3890,81
3891,25
3892,25
3893,179
3894,16
3896,83
3898,81
3900,73
3901,7
3902,81
3905,24
3909,203
3910,25
3914,18
3915,24
3916,203
3918,203
3919,828
3920,25
3921,387
3927,183
3928,73
3929,1
3931,24
3934,735
3936,25
3938,192
3939,73
3940,387
3941,16
3942,242
3943,1
3945,79
3946,73
3947,39
3948,39
3949,24
3950,18
3951,24
3952,105
3953,39
3954,39
3956,24
3957,39
3958,24
3959,570
3960,24
3961,24
3962,39
3963,39
3964,39
3965,49
3966,25
3967,18
3968,24
3969,24
3971,105
3972,39
3973,24
3974,39
3975,306
3976,24
3977,24
3978,39
3979,105
3980,39
3981,306
3982,39
3983,24
3985,39
3986,600
3987,24
3988,74
3991,14
3992,13
3993,192
3994,25
3995,21
3997,378
3998,81
3999,33
4000,376
4001,33
4002,376
4003,376
4004,743
4006,378
4007,33
4008,194
4009,1
4011,33
4013,4
4015,191
4017,76
4018,376
4019,76
4020,180
4021,1006
4022,18
4023,304
4024,18
4025,18
4027,309
4028,18
4029,309
4030,309
4031,73
4032,18
4033,309
4035,18
4036,90
4037,308
4038,18
4039,18
4040,127
4043,39
4044,526
4045,1995
4046,73
4047,130
4048,84
4049,18
4051,83
4052,292
4055,545
4056,600
4057,18
4058,88
4059,88
4060,88
4061,73
4062,735
4063,81
4064,88
4067,81
4068,73
4069,79
4073,134
4074,81
4075,79
4077,33
4079,81
4081,32
4082,88
4083,292
4085,275
4086,33
4087,432
4089,84
4090,88
4092,79
4093,741
4094,185
4095,216
4096,376
4097,127
4099,72
4100,180
4101,33
4102,1210
4103,73
4104,178
4105,177
4106,234
4107,194
4108,21
4109,81
4111,296
4113,21
4114,81
4115,79
4116,84
4117,21
4118,81
4119,84
4121,526
4122,18
4123,191
4124,72
4125,73
4126,184
4127,16
4129,181
4130,192
4131,195
4132,25
4133,192
4134,575
4135,7
4136,7
4137,7
4138,575
4140,184
4143,130
4147,27
4149,73
4151,26
4153,21
4154,181
4155,182
4156,182
4157,194
4161,6
4162,7
4163,5
4164,181
4165,25
4166,180
4167,194
4168,180
4169,376
4170,376
4171,385
4172,376
4173,376
4174,87
4177,73
4178,385
4179,73
4180,25
4181,18
4182,4
4183,356
4184,181
4188,176
4189,79
4190,81
4191,176
4193,182
4194,181
4196,181
4198,181
4199,73
4201,176
4202,181
4203,79
4204,194
4205,24
4207,180
4208,181
4209,194
4211,194
4212,265
4213,25
4214,25
4216,181
4217,185
4218,182
4219,73
4222,181
4223,79
4224,181
4225,81
4226,79
4227,21
4228,87
4229,79
4230,87
4231,81
4232,87
4233,176
4234,176
4236,81
4237,176
4238,229
4239,186
4241,176
4242,24
4245,74
4246,81
4247,18
4249,626
4250,181
4251,192
4252,130
4253,130
4254,73
4255,81
4257,24
4258,24
4259,73
4260,24
4261,24
4262,73
4263,73
4264,73
4265,5
4266,4
4267,4
4268,5
4269,1
4270,4
4271,4
4272,4
4273,4
4275,5
4276,1
4277,91
4278,72
4280,82
4281,4
4283,4
4285,32
4286,386
4287,4
4290,4
4291,24
4292,24
4294,405
4295,503
4296,18
4297,24
4298,24
4299,73
4300,18
4301,14
4302,24
4303,18
4304,18
4306,18
4307,15
4308,18
4309,39
4310,74
4311,127
4312,600
4313,127
4314,608
4315,17
4316,21
4317,74
4318,86
4319,89
4320,615
4321,139
4322,615
4323,89
4324,296
4325,615
4326,615
4327,615
4328,615
4330,89
4331,89
4332,76
4333,76
4334,1
4335,615
4336,615
4337,615
4340,615
4341,1
4342,615
4343,89
4344,311
4346,194
4348,167
4349,73
4351,625
4352,406
4354,73
4355,445
4356,72
4357,2139
4359,170
4360,33
4361,183
4363,192
4365,73
4366,78
4368,72
4369,73
4371,79
4373,72
4375,181
4377,73
4379,83
4380,185
4382,18
4383,81
4384,84
4385,81
4386,74
4387,18
4388,18
4389,39
4393,18
4394,81
4395,1
4396,187
4397,1
4398,14
4401,13
4402,15
4405,33
4406,18
4407,191
4409,1
4410,187
4411,33
4413,935
4414,13
4420,18
4423,545
4427,33
4428,73
4432,78
4434,182
4435,79
4436,169
4437,23
4438,127
4439,78
4440,73
4443,84
4444,84
4446,134
4447,13
4448,73
4451,78
4452,72
4457,73
4458,72
4459,432
4460,72
4465,193
4466,311
4468,432
4469,127
4472,24
4474,193
4481,24
4487,81
4488,24
4489,24
4490,185
4491,195
4492,24
4493,25
4494,25
4495,625
4496,177
4497,378
4498,378
4499,378
4500,91
4501,1
4502,78
4503,378
4504,194
4505,79
4507,102
4509,61
4510,6
4511,177
4512,24
4513,73
4514,130
4515,39
4516,24
4517,191
4520,193
4521,193
4522,134
4524,130
4526,73
4529,81
4530,134
4531,130
4532,81
4535,193
4536,193
4538,192
4539,292
4541,73
4542,193
4543,193
4544,735
4545,130
4548,130
4549,1
4550,180
4551,24
4552,625
4553,21
4554,109
4555,140
4556,24
4557,167
4558,130
4559,24
4560,24
4561,18
4562,24
4563,24
4564,103
4565,130
4566,167
4567,73
4568,73
4569,21
4570,188
4571,13
4572,73
4573,39
4574,24
4575,24
4576,24
4580,238
4581,195
4582,24
4585,102
4586,102
4587,90
4589,18
4590,85
4595,88
4598,102
4599,34
4600,564
4604,76
4605,4
4607,72
4608,30
4609,73
4610,76
4611,4
4613,76
4615,5
4616,83
4617,102
4618,130
4619,167
4620,292
4621,18
4622,389
4623,385
4625,32
4626,81
4627,18
4628,24
4629,81
4630,81
4631,81
4632,16
4633,81
4636,32
4638,24
4639,191
4647,33
4648,33
4649,134
4666,33
4668,76
4669,5
4670,76
4671,1
4673,76
4674,18
4675,387
4676,238
4677,73
4678,743
4679,89
4680,386
4681,76
4686,24
4687,24
4688,24
4690,7
4691,82
4692,1
4695,76
4696,167
4697,24
4700,176
4701,102
4702,319
4704,18
4705,24
4706,18
4707,130
4708,185
4709,432
4710,625
4711,625
4712,109
4713,102
4716,432
4717,130
4719,130
4720,18
4721,73
4723,18
4724,182
4725,18
4726,18
4727,18
4728,18
4729,18
4731,15
4732,18
4733,18
4734,18
4735,81
4736,130
4737,73
4738,78
4740,72
4741,176
4742,389
4745,1252
4746,73
4747,130
4750,1252
4751,73
4753,73
4756,73
4758,216
4759,611
4761,183
4762,176
4763,33
4767,130
4768,39
4769,39
4770,850
4771,13
4772,182
4773,130
4774,180
4775,90
4779,102
4780,735
4781,741
4782,387
4783,33
4784,387
4785,191
4786,102
4787,5
4788,743
4790,387
4791,181
4792,181
4793,73
4794,91
4795,181
4796,625
4799,432
4800,73
4801,73
4802,73
4803,91
4805,181
4807,80
4809,181
4810,296
4811,167
4812,102
4813,24
4814,24
4815,130
4817,319
4818,432
4819,693
4820,181
4821,181
4822,181
4823,194
4825,181
4826,181
4827,181
4828,194
4829,73
4830,194
4831,176
4832,78
4833,169
4834,182
4835,181
4836,169
4837,73
4839,194
4841,194
4844,182
4845,181
4846,194
4847,182
4848,181
4849,25
4850,24
4852,21
4853,18
4855,21
4856,15
4860,33
4861,18
4862,109
4863,13
4865,47
4866,24
4867,130
4868,24
4869,406
4871,86
4872,575
4873,86
4874,86
4875,86
4876,86
4877,61
4879,405
4880,24
4883,167
4884,39
4887,75
4891,186
4895,275
4896,79
4897,72
4898,81
4901,14
4905,73
4906,127
4911,182
4912,30
4914,78
4915,25
4916,24
4917,191
4918,184
4919,39
4920,184
4922,184
4923,184
4927,184
4928,184
4929,299
4931,127
4932,25
4933,527
4934,378
4935,378
4936,741
4937,378
4938,378
4939,376
4940,1006
4943,378
4944,378
4945,378
4946,376
4947,194
4948,376
4949,82
4951,81
4952,4
4954,741
4957,13
4965,4
4969,292
4970,4
4971,385
4972,32
4974,24
4975,16
4977,25
4978,25
4979,16
4980,541
4981,625
4982,24
4983,15
4984,299
4985,7
4986,299
4987,299
4988,14
4990,299
4991,130
4992,18
4993,25
4994,79
4995,180
4996,127
4997,81
4998,73
4999,81
5000,24
5001,81
5003,216
5004,25
5005,238
5006,72
5008,848
5010,848
5011,72
5014,79
5015,1286
5016,73
5017,16
5018,21
5020,73
5027,81
5028,102
5030,81
5032,130
5035,24
5036,24
5038,103
5039,102
5040,102
5041,102
5042,188
5043,47
5044,102
5045,39
5046,14
5048,195
5049,102
5050,391
5052,33
5053,14
5054,14
5055,102
5056,14
5057,102
5058,30
5059,13
5060,626
5061,18
5062,626
5063,626
5064,187
5065,178
5066,33
5067,178
5068,378
5069,626
5070,376
5071,105
5072,18
5073,18
5074,18
5075,33
5076,139
5077,139
5079,179
5080,140
5081,140
5082,139
5083,140
5084,139
5087,139
5088,24
5089,140
5090,130
5091,139
5092,24
5093,127
5095,140
5097,24
5098,130
5099,79
5100,91
5101,194
5102,181
5104,194
5105,91
5108,376
5109,376
5110,141
5111,18
5113,179
5115,565
5116,127
5117,6
5118,14
5119,823
5122,39
5123,192
5124,25
5125,378
5126,378
5127,33
5129,180
5132,169
5134,378
5135,376
5137,176
5139,130
5140,230
5141,376
5143,180
5147,18
5148,24
5149,18
5150,625
5151,83
5152,18
5153,78
5154,74
5155,1
5156,25
5157,386
5159,72
5160,72
5161,386
5162,1
5163,72
5164,72
5165,72
5166,184
5168,192
5169,25
5170,16
5171,387
5172,192
5173,387
5175,387
5176,39
5178,39
5180,21
5181,15
5182,21
5183,39
5184,21
5185,21
5186,21
5187,39
5188,39
5189,39
5190,39
5191,15
5192,13
5193,15
5194,39
5196,105
5197,21
5198,39
5199,21
5200,21
5201,33
5202,73
5204,73
5205,181
5208,13
5209,79
5210,127
5212,192
5215,78
5216,73
5217,78
5219,91
5222,742
5223,742
5226,432
5228,24
5229,296
5230,296
5232,102
5233,292
5235,73
5236,73
5237,24
5238,73
5239,102
5240,72
5241,73
5242,79
5244,73
5245,73
5247,73
5248,24
5249,319
5250,73
5252,134
5253,18
5254,25
5255,16
5256,191
5257,247
5258,16
5259,103
5260,16
5261,25
5263,247
5264,25
5265,24
5266,193
5267,193
5268,24
5285,81
5286,228
5288,81
5295,735
5296,387
5297,387
5298,33
5299,33
5301,387
5302,88
5303,387
5304,102
5306,181
5307,309
5309,134
5310,182
5313,169
5314,1249
5316,24
5319,1
5322,169
5325,15
5326,13
5327,14
5329,13
5332,74
5333,13
5335,140
5336,564
5337,1
5338,79
5340,564
5342,14
5343,14
5345,18
5346,69
5347,13
5348,18
5353,311
5356,311
5358,327
5359,14
5360,14
5363,73
5365,386
5366,91
5367,108
5370,249
5375,108
5381,181
5382,1356
5386,24
5390,1076
5399,108
5401,1097
5409,191
5410,33
5411,33
5412,84
5413,130
5414,296
5415,18
5416,432
5417,73
5418,292
5419,84
5420,130
5421,179
5422,24
5423,84
5424,33
5425,432
5426,81
5428,81
5429,81
5430,73
5432,192
5433,24
5434,247
5435,206
5436,247
5437,81
5439,78
5440,81
5441,432
5442,33
5443,693
5444,185
5446,292
5447,83
5451,73
5452,192
5453,185
5454,432
5455,25
5456,13
5458,693
5459,7
5460,24
5462,18
5463,24
5465,73
5466,24
5467,24
5470,73
5471,181
5472,184
5473,84
5474,49
5475,21
5476,296
5478,18
5480,18
5481,102
5483,195
5484,74
5485,188
5486,16
5487,73
5488,311
5489,74
5490,311
5491,327
5492,327
5493,327
5494,327
5495,327
5497,564
5498,564
5499,327
5500,18
5501,327
5502,13
5503,14
5504,327
5505,327
5507,327
5508,23
5509,327
5510,18
5514,327
5515,187
5516,88
5517,88
5519,90
5521,564
5522,564
5524,24
5525,76
5526,72
5527,187
5528,195
5530,195
5532,24
5534,24
5536,102
5537,39
5538,81
5540,84
5542,601
5544,18
5545,18
5546,81
5547,18
5548,130
5549,81
5550,25
5553,81
5554,234
5555,24
5558,18
5559,625
5561,24
5563,140
5565,39
5567,24
5568,140
5569,203
5571,140
5573,109
5574,24
5575,24
5580,33
5581,86
5583,6
5584,24
5585,615
5586,575
5590,24
5591,24
5592,140
5594,406
5597,194
5598,194
5600,194
5602,194
5603,91
5604,194
5605,184
5606,386
5608,102
5609,6
5610,179
5614,24
5615,13
5616,24
5617,73
5618,25
5620,79
5621,61
5623,130
5625,184
5626,184
5627,184
5628,102
5629,735
5630,194
5631,181
5632,194
5636,181
5637,194
5638,127
5639,194
5640,194
5641,73
5644,73
5645,265
5649,193
5650,2726
5651,193
5652,18
5653,61
5655,130
5656,73
5657,79
5658,179
5659,829
5660,829
5662,81
5664,213
5665,829
5666,1
5667,376
5668,1365
5670,86
5671,386
5672,1
5673,385
5674,30
5675,103
5676,103
5677,105
5678,18
5681,73
5683,103
5684,134
5688,386
5689,82
5690,25
5691,1
5692,192
5694,89
5695,386
5696,82
5697,73
5698,47
5699,565
5700,13
5701,81
5702,575
5703,61
5704,18
5705,74
5706,27
5707,27
5708,575
5709,61
5710,27
5711,61
5713,23
5714,30
5715,86
5716,33
5718,575
5719,86
5720,565
5721,61
5722,86
5724,56
5726,296
5728,109
5729,73
5731,24
5732,24
5735,18
5736,73
5745,693
5746,185
5747,73
5749,73
5750,693
5752,24
5753,79
5754,24
5757,5
5759,39
5760,24
5762,73
5766,73
5767,193
5768,73
5769,24
5770,24
5772,73
5774,184
5775,130
5778,102
5779,83
5780,73
5781,184
5782,81
5784,182
5785,181
5786,527
5787,83
5789,625
5790,134
5791,14
5792,14
5793,821
5794,14
5795,87
5796,87
5797,14
5799,87
5800,14
5801,14
5802,14
5803,14
5804,87
5805,14
5806,184
5807,184
5808,26
5809,386
5810,347
5812,72
5815,184
5817,72
5818,617
5820,386
5822,184
5823,386
5824,1
5829,184
5830,184
5833,14
5836,18
5838,73
5839,81
5841,72
5842,2139
5844,192
5845,311
5846,311
5847,102
5848,311
5849,311
5850,311
5852,14
5854,127
5861,33
5866,4
5867,87
5868,33
5871,34
5874,187
5876,33
5877,14
5879,18
5880,178
5882,13
5883,103
5885,14
5886,14
5890,81
5891,18
5893,81
5894,13
5895,73
5897,72
5898,88
5899,386
5900,16
5901,192
5902,72
5903,27
5906,27
5908,16
5911,79
5912,275
5913,275
5914,130
5917,275
5918,275
5920,16
5922,18
5923,39
5924,81
5925,81
5926,81
5927,21
5928,73
5929,611
5932,18
5934,18
5937,73
5939,181
5940,73
5942,84
5943,108
5947,102
5948,24
5949,24
5950,1249
5952,18
5954,405
5955,167
5956,24
5957,719
5958,1249
5960,378
5961,18
5962,18
5963,178
5964,378
5966,33
5967,178
5968,1006
5969,178
5970,33
5971,18
5972,81
5973,823
5975,1097
5976,73
5978,81
5980,140
5982,545
5983,608
5984,73
5985,608
5987,24
5988,103
5995,24
6004,21
6006,78
6008,18
6009,180
6010,180
6011,178
6012,180
6013,180
6014,33
6015,178
6016,180
6017,178
6018,378
6022,378
6025,194
6026,1249
6027,18
6031,16
6032,67
6034,16
6037,81
6038,14
6039,18
6040,33
6041,81
6042,21
6043,18
6045,21
6046,13
6047,18
6048,87
6051,13
6052,184
6053,18
6054,18
6055,74
6056,184
6058,213
6059,184
6060,14
6064,25
6065,25
6069,25
6070,25
6073,16
6074,74
6075,14
6076,90
6081,76
6086,39
6117,194
6120,194
6121,311
6122,265
6123,432
6124,24
6126,1
6127,181
6128,30
6129,5
6130,79
6132,73
6133,1
6134,387
6136,185
6137,1627
6138,185
6139,292
6140,292
6141,432
6142,33
6143,526
6144,292
6145,33
6146,81
6148,134
6149,14
6150,18
6151,14
6152,18
6153,187
6154,33
6155,14
6158,13
6159,14
6160,14
6161,545
6162,13
6163,14
6164,14
6165,192
6166,187
6167,14
6168,32
6169,87
6172,30
6173,14
6175,14
6176,23
6177,13
6178,14
6179,87
6181,23
6182,81
6184,14
6185,47
6186,84
6187,33
6188,24
6189,47
6190,18
6191,176
6192,370
6193,78
6194,178
6195,195
6196,73
6197,81
6198,30
6199,73
6200,72
6201,102
6202,79
6203,24
6204,84
6206,292
6207,134
6210,935
6213,850
6214,81
6215,81
6217,391
6221,79
6222,81
6223,81
6224,130
6225,81
6226,102
6227,84
6228,73
6229,81
6230,84
6231,81
6232,18
6233,24
6235,80
6236,17
6237,565
6240,79
6241,16
6245,345
6246,24
6247,181
6248,191
6249,73
6250,73
6252,184
6253,72
6254,72
6256,179
6257,1
6258,1
6259,386
6262,24
6263,1
6264,91
6265,127
6266,386
6267,73
6268,91
6271,91
6273,386
6275,32
6276,72
6282,1
6284,386
6287,386
6288,102
6289,5
6290,615
6291,73
6292,73
6293,73
6294,169
6295,81
6296,296
6297,24
6298,73
6299,296
6300,81
6301,292
6302,81
6303,81
6305,81
6308,24
6309,24
6311,39
6312,130
6313,24
6315,352
6316,356
6317,308
6319,24
6321,33
6322,27
6324,102
6325,102
6329,102
6331,210
6335,102
6336,13
6337,102
6339,102
6340,83
6342,102
6345,127
6346,103
6347,24
6348,127
6350,127
6351,127
6353,127
6357,109
6360,511
6362,192
6363,829
6364,24
6365,127
6370,432
6373,18
6374,396
6375,102
6376,102
6377,103
6378,130
6379,167
6380,24
6382,81
6384,824
6385,49
6387,102
6388,102
6389,625
6390,184
6391,181
6397,184
6398,184
6400,73
6402,360
6403,193
6404,14
6405,213
6409,33
6410,14
6414,391
6416,33
6417,81
6422,84
6423,396
6424,33
6425,33
6426,184
6427,24
6429,39
6430,1753
6431,181
6435,79
6436,176
6439,345
6440,127
6442,73
6444,180
6445,127
6446,73
6447,176
6448,18
6450,78
6451,73
6452,73
6453,79
6454,134
6456,73
6457,213
6458,247
6459,308
6460,25
6461,176
6463,73
6466,311
6469,265
6472,432
6475,311
6480,306
6489,69
6491,299
6493,91
6495,181
6497,21
6498,13
6499,1
6500,299
6501,13
6502,1
6503,830
6504,308
6505,319
6506,191
6507,14
6509,14
6510,18
6512,103
6514,18
6515,39
6516,13
6517,39
6518,299
6520,18
6521,18
6522,24
6523,73
6524,18
6526,25
6527,308
6528,18
6529,24
6531,346
6532,130
6533,109
6534,81
6536,73
6537,735
6539,73
6540,184
6541,192
6542,18
6543,18
6544,74
6545,79
6546,78
6547,18
6548,18
6549,79
6550,18
6551,130
6552,24
6553,181
6554,73
6556,216
6558,73
6559,181
6560,181
6562,103
6563,24
6564,167
6565,18
6566,102
6567,167
6568,102
6569,73
6570,387
6571,387
6572,387
6573,75
6574,387
6575,76
6576,4
6577,75
6579,387
6580,18
6581,21
6582,14
6583,33
6585,15
6586,25
6591,24
6592,503
6594,79
6596,18
6597,1249
6598,39
6600,81
6601,18
6602,81
6603,1249
6604,18
6606,1249
6608,84
6612,185
6613,176
6614,73
6615,187
6616,169
6618,103
6619,102
6620,102
6621,102
6622,103
6623,103
6626,103
6627,102
6629,102
6631,103
6632,102
6633,103
6634,102
6636,102
6637,102
6638,406
6639,72
6640,130
6641,134
6642,306
6646,208
6647,130
6651,352
6654,61
6655,574
6657,179
6658,4
6659,574
6661,1
6662,67
6665,574
6666,574
6667,46
6673,33
6675,574
6676,61
6677,79
6678,360
6679,184
6680,81
6681,84
6685,292
6687,84
6689,39
6693,73
6694,103
6695,90
6697,208
6698,25
6699,25
6700,25
6703,24
6706,130
6708,25
6710,25
6713,130
6714,24
6715,130
6717,134
6721,432
6722,25
6724,73
6726,79
6728,73
6730,134
6732,16
6733,216
6734,25
6735,24
6736,16
6737,24
6739,79
6740,16
6742,25
6743,25
6746,210
6748,30
6752,5
6753,61
6755,14
6756,14
6757,14
6758,87
6759,87
6760,14
6761,14
6762,14
6763,14
6764,14
6765,387
6766,176
6768,79
6769,169
6770,169
6771,81
6772,180
6773,73
6774,1252
6776,17
6777,24
6778,16
6779,16
6780,16
6781,16
6782,134
6783,201
6784,16
6785,81
6789,14
6790,195
6791,16
6792,73
6794,73
6795,73
6796,73
6797,5
6798,4
6799,5
6800,1
6801,385
6802,6
6803,2
6804,1
6805,741
6806,6
6808,1
6809,5
6810,6
6811,385
6812,7
6815,5
6816,5
6817,5
6819,61
6820,385
6821,385
6823,81
6824,81
6827,176
6828,73
6829,216
6830,87
6831,20
6833,84
6835,84
6836,81
6837,376
6838,178
6841,186
6842,180
6843,376
6845,180
6846,33
6847,16
6848,182
6850,79
6851,73
6852,389
6853,185
6854,108
6857,24
6859,828
6861,24
6862,24
6865,234
6866,24
6869,134
6870,565
6871,86
6872,565
6873,565
6874,18
6875,86
6876,565
6877,86
6878,67
6880,25
6881,61
6882,565
6883,275
6884,16
6885,102
6886,103
6887,102
6888,102
6889,102
6890,102
6891,102
6892,102
6893,103
6894,103
6895,103
6896,102
6897,102
6898,287
6899,102
6900,102
6901,102
6902,304
6903,102
6904,285
6905,102
6906,185
6907,33
6908,81
6909,13
6910,33
6911,84
6913,127
6914,625
6915,18
6916,18
6919,18
6920,81
6923,73
6926,18
6930,21
6931,24
6935,18
6936,24
6938,18
6939,17
6940,25
6944,18
6945,88
6946,73
6947,292
6948,14
6949,13
6950,88
6951,33
6953,292
6955,78
6957,73
6958,445
6959,445
6960,299
6961,292
6962,14
6963,574
6966,14
6967,574
6969,574
6970,574
6971,33
6973,67
6977,67
6980,13
6982,14
6983,5
6986,18
6987,14
6990,26
6992,741
6994,141
6995,139
6996,139
6997,182
6999,23
7000,4
7001,33
7003,4
7005,275
7006,1
7007,15
7008,73
7009,213
7010,14
7011,14
7012,14
7013,47
7015,14
7016,61
7017,15
7018,14
7019,18
7020,34
7021,13
7024,67
7027,14
7029,13
7030,67
7031,15
7032,18
7035,15
7037,34
7038,265
7039,192
7041,25
7042,73
7043,190
7044,1
7045,387
7046,182
7047,386
7048,83
7049,387
7050,72
7051,76
7052,76
7053,32
7054,387
7055,4
7056,829
7057,387
7058,21
7059,387
7060,15
7061,24
7062,18
7064,18
7065,121
7068,24
7069,25
7070,25
7071,18
7073,79
7074,84
7075,39
7076,275
7077,24
7078,61
7079,18
7080,18
7081,79
7082,18
7086,73
7091,823
7094,127
7096,184
7097,386
7098,231
7099,89
7100,89
7101,1
7103,72
7104,386
7107,352
7108,319
7110,386
7111,545
7112,73
7113,385
7114,1
7115,385
7116,385
7117,72
7118,4
7119,545
7120,73
7122,184
7123,83
7124,14
7125,14
7126,83
7127,83
7128,18
7129,73
7130,321
7133,79
7137,130
7138,1355
7140,130
7142,299
7143,210
7144,79
7145,79
7146,370
7147,84
7148,184
7150,14
7151,611
7152,184
7153,73
7155,79
7156,184
7157,130
7160,184
7167,187
7172,23
7175,140
7177,73
7178,73
7179,81
7180,81
7182,79
7183,81
7185,84
7186,195
7187,81
7188,78
7190,81
7191,7
7193,39
7194,81
7196,292
7197,321
7198,134
7201,321
7205,321
7206,321
7208,321
7211,321
7212,321
7213,321
7214,73
7215,73
7216,321
7217,850
7219,73
7221,321
7224,83
7225,24
7227,321
7228,321
7229,321
7231,321
7233,24
7234,181
7235,1076
7237,73
7238,321
7239,25
7241,321
7242,321
7245,130
7247,134
7248,192
7249,24
7250,134
7251,601
7252,130
7253,21
7256,23
7259,83
7260,181
7261,78
7262,73
7263,1
7264,134
7266,25
7268,39
7271,1352
7272,81
7274,360
7275,24
7276,81
7277,39
7279,130
7281,292
7283,24
7285,296
7286,611
7287,18
7288,81
7289,24
7290,195
7292,24
7293,105
7294,18
7296,90
7297,90
7298,39
7301,105
7302,13
7306,73
7308,570
7312,570
7315,105
7316,90
7318,134
7319,81
7320,81
7321,79
7323,81
7324,18
7325,81
7326,102
7327,39
7329,182
7331,1
7333,78
7334,73
7336,265
7337,69
7340,167
7341,850
7342,16
7343,16
7344,16
7345,18
7346,25
7347,16
7348,130
7349,130
7350,79
7351,321
7352,83
7353,73
7354,73
7357,181
7358,181
7359,130
7360,181
7361,181
7366,73
7370,292
7373,33
7374,33
7375,67
7376,79
7377,87
7378,14
7379,391
7380,33
7382,87
7383,87
7384,191
7386,18
7387,32
7388,25
7390,130
7391,24
7395,601
7396,24
7397,405
7398,184
7404,78
7406,73
7407,79
7410,247
7411,192
7413,292
7414,292
7415,292
7416,292
7418,81
7419,72
7421,91
7422,91
7423,1
7425,33
7426,188
7427,83
7428,81
7429,83
7430,83
7431,83
7433,184
7435,32
7436,695
7439,32
7440,130
7444,18
7445,18
7446,13
7447,109
7448,130
7449,130
7450,24
7452,24
7454,86
7456,191
7457,575
7458,89
7461,387
7463,7
7465,14
7468,47
7469,47
7470,18
7472,21
7473,47
7479,18
7480,47
7481,47
7484,14
7485,47
7487,15
7492,20
7493,47
7494,47
7497,47
7498,14
7501,195
7502,526
7505,81
7506,191
7509,7
7511,78
7512,86
7513,61
7514,18
7515,18
7516,61
7517,18
7518,86
7520,18
7521,14
7522,86
7523,311
7524,265
7525,73
7527,265
7528,195
7529,24
7530,73
7532,46
7533,130
7534,69
7535,181
7536,16
7537,265
7538,265
7539,134
7541,16
7542,16
7543,265
7545,73
7546,73
7548,25
7550,134
7551,69
7552,134
7554,311
7556,706
7557,83
7558,299
7559,83
7560,83
7561,25
7562,25
7569,299
7574,85
7577,83
7578,130
7579,85
7580,83
7581,292
7582,292
7583,85
7584,85
7586,299
7587,13
7588,85
7591,85
7592,299
7594,311
7596,18
7603,83
7604,292
7611,483
7612,483
7613,231
7615,102
7616,39
7618,127
7619,387
7620,24
7623,319
7625,78
7626,130
7627,24
7633,130
7634,72
7636,72
7637,79
7638,181
7639,177
7640,74
7641,134
7642,81
7643,134
7644,130
7645,84
7648,30
7649,18
7650,182
7651,134
7654,79
7655,79
7656,306
7660,24
7662,16
7663,84
7665,18
7667,24
7668,85
7672,24
7673,88
7674,81
7675,24
7677,130
7679,49
7680,61
7681,49
7683,69
7685,625
7686,292
7688,34
7689,15
7690,105
7691,526
7692,18
7693,34
7694,34
7695,14
7699,33
7700,15
7701,34
7703,24
7704,405
7707,76
7708,127
7710,574
7711,78
7713,76
7714,188
7717,184
7722,1
7723,81
7724,78
7725,352
7727,39
7730,24
7734,24
7737,73
7741,210
7742,18
7743,81
7744,81
7745,127
7750,84
7752,16
7753,625
7754,1252
7755,194
7756,183
7759,30
7760,180
7766,103
7768,194
7775,78
7776,169
7777,81
7780,79
7781,18
7782,102
7784,182
7787,73
7788,73
7789,83
7791,387
7792,192
7793,192
7794,72
7795,72
7796,72
7797,387
7798,72
7799,387
7800,73
7801,192
7802,387
7803,72
7804,387
7805,192
7806,108
7808,387
7809,88
7810,21
7811,13
7812,432
7813,20
7814,20
7815,13
7816,13
7817,13
7818,15
7819,130
7820,13
7821,21
7822,73
7823,432
7824,432
7825,13
7826,81
7827,81
7828,81
7829,13
7831,180
7832,73
7833,73
7834,79
7835,130
7836,130
7837,25
7838,308
7840,292
7841,308
7845,306
7846,319
7851,176
7855,130
7857,84
7859,73
7860,73
7862,545
7864,167
7865,24
7866,24
7868,24
7869,20
7871,78
7874,30
7876,14
7877,83
7878,81
7879,14
7880,16
7881,1210
7882,72
7883,564
7884,39
7885,18
7886,87
7887,18
7888,296
7889,84
7890,81
7891,14
7892,81
7894,87
7895,14
7896,194
7897,169
7898,73
7899,76
7900,76
7901,83
7902,191
7903,76
7904,81
7906,376
7911,73
7912,73
7913,4
7914,1
7915,4
7916,4
7917,4
7918,4
7919,5
7920,4
7921,4
7922,4
7923,4
7924,91
7925,4
7926,81
7927,25
7928,78
7929,192
7930,73
7932,24
7933,247
7934,18
7935,247
7937,108
7938,181
7940,1
7941,91
7943,184
7945,81
7946,176
7947,72
7949,626
7951,2139
7955,626
7956,626
7959,2139
7960,626
7969,33
7976,626
7981,626
7982,14
7984,626
7991,626
7994,24
8001,345
8002,24
8003,24
8010,140
8012,850
8013,72
8014,61
8016,265
8017,39
8018,238
8019,24
8020,24
8023,130
8026,67
8027,14
8030,87
8042,78
8043,78
8044,84
8045,179
8046,81
8047,134
8048,81
8049,190
8050,130
8051,191
8053,81
8054,81
8055,321
8056,39
8057,73
8062,391
8065,182
8066,83
8067,130
8068,18
8069,24
8071,102
8072,167
8073,39
8078,102
8079,102
8081,167
8084,24
8088,39
8091,103
8093,24
8096,167
8098,193
8099,130
8102,292
8106,193
8108,829
8109,98
8110,829
8111,192
8114,829
8115,192
8118,829
8119,85
8120,829
8121,311
8122,192
8123,829
8124,829
8126,829
8130,292
8131,311
8132,570
8133,545
8135,18
8136,18
8138,18
8139,105
8140,389
8141,18
8143,719
8144,640
8146,396
8149,74
8150,275
8151,24
8152,83
8153,83
8154,24
8155,185
8157,102
8158,287
8160,102
8161,102
8162,102
8163,25
8164,102
8166,39
8168,102
8169,25
8173,102
8175,304
8178,102
8179,102
8181,13
8182,102
8184,102
8188,625
8190,102
8191,49
8192,81
8195,432
8196,24
8198,90
8199,15
8201,15
8208,1627
8210,81
8211,73
8212,13
8214,15
8215,18
8216,18
8218,15
8219,13
8221,13
8223,130
8224,15
8226,85
8229,83
8230,13
8231,79
8232,15
8234,545
8239,13
8243,24
8244,73
8245,14
8246,5
8247,91
8248,5
8249,741
8250,1
8251,5
8252,91
8253,5
8254,2
8255,91
8256,1
8258,79
8259,1
8260,91
8261,378
8262,185
8263,176
8264,292
8266,83
8267,185
8268,199
8269,176
8270,181
8271,81
8272,33
8273,33
8274,81
8275,181
8276,181
8277,376
8278,185
8279,191
8280,127
8283,321
8286,181
8287,321
8288,321
8290,130
8291,79
8292,184
8293,378
8294,194
8295,1006
8296,378
8297,194
8298,376
8299,424
8300,378
8301,194
8302,33
8304,185
8305,178
8307,84
8308,321
8309,192
8311,192
8312,25
8313,192
8314,247
8315,1076
8319,4
8322,4
8324,4
8326,1
8331,741
8333,5
8334,574
8340,192
8341,4
8343,4
8347,2
8348,2
8350,177
8351,386
8354,185
8356,39
8358,185
8360,24
8361,169
8363,208
8364,167
8365,73
8366,13
8367,352
8368,346
8369,179
8370,24
8371,13
8372,308
8375,231
8376,206
8378,206
8380,308
8381,73
8382,76
8383,83
8384,180
8386,91
8387,82
8388,14
8390,18
8391,306
8392,130
8396,141
8397,141
8398,139
8401,181
8404,141
8405,30
8407,139
8408,18
8409,24
8415,184
8417,79
8418,81
8420,7
8421,72
8422,73
8423,72
8426,83
8429,73
8431,191
8432,83
8433,545
8436,79
8438,21
8441,83
8443,14
8444,78
8445,299
8446,545
8454,79
8455,191
8458,178
8459,81
8461,81
8462,376
8464,194
8465,178
8466,103
8467,81
8468,194
8471,1
8473,180
8474,102
8479,78
8481,296
8482,73
8483,79
8488,73
8492,72
8495,24
8497,39
8498,39
8499,127
8500,84
8501,127
8502,73
8503,18
8504,185
8506,292
8508,1911
8509,18
8510,47
8511,387
8512,73
8513,13
8516,4
8517,4
8523,102
8528,741
8529,82
8530,4
8533,14
8543,1354
8544,247
8545,108
8546,192
8547,192
8548,73
8549,735
8550,130
8551,184
8552,24
8553,191
8554,191
8555,25
8556,247
8557,193
8558,247
8559,247
8560,1356
8561,193
8562,191
8563,1210
8564,247
8565,695
8566,192
8567,191
8569,73
8570,192
8571,1076
8572,108
8573,695
8574,735
8575,73
8576,192
8582,396
8583,18
8584,396
8586,187
8587,18
8588,130
8589,18
8590,81
8591,292
8592,134
8593,46
8594,292
8595,292
8596,79
8597,13
8599,91
8600,33
8601,1
8605,625
8607,21
8611,345
8617,194
8621,18
8625,81
8626,102
8627,102
8628,194
8629,134
8631,21
8633,81
8640,102
8642,79
8645,1
8646,7
8647,89
8649,81
8650,184
8656,389
8658,387
8659,26
8660,387
8663,73
8665,49
8666,185
8668,179
8670,33
8671,18
8672,195
8673,275
8674,81
8675,18
8676,296
8677,84
8678,88
8679,296
8680,391
8681,180
8682,180
8684,180
8688,194
8689,14
8690,76
8692,1
8693,615
8695,76
8696,5
8697,73
8698,24
8699,299
8700,18
8701,296
8703,33
8704,33
8705,33
8706,13
8707,78
8708,73
8710,81
8711,134
8712,432
8713,78
8714,79
8715,81
8716,134
8717,184
8718,24
8720,78
8722,102
8724,49
8726,177
8727,662
8728,73
8729,292
8730,376
8731,194
8732,183
8735,1
8736,184
8737,81
8738,24
8741,73
8742,49
8743,192
8747,78
8749,121
8752,1995
8754,191
8755,24
8756,292
8757,192
8758,24
8759,73
8760,83
8761,24
8763,24
8764,24
8768,24
8769,72
8770,73
8773,73
8775,625
8777,39
8779,18
8781,90
8782,13
8788,73
8789,39
8790,18
8794,735
8795,192
8796,828
8797,828
8800,134
8802,14
8803,695
8805,829
8806,625
8807,130
8808,829
8809,24
8810,191
8811,24
8812,108
8813,829
8815,829
8816,24
8818,24
8820,625
8821,829
8822,24
8823,25
8826,24
8827,73
8828,184
8829,18
8830,81
8831,195
8832,935
8834,238
8835,24
8836,87
8837,83
8838,87
8840,84
8843,526
8844,527
8847,83
8848,23
8853,14
8854,23
8859,545
8862,231
8863,18
8864,24
8866,134
8867,296
8868,47
8870,87
8871,130
8873,73
8876,73
8878,49
8879,352
8880,73
8881,385
8882,385
8883,304
8884,73
8887,130
8888,39
8896,18
8901,18
8904,33
8905,6
8907,1
8908,352
8910,73
8912,61
8915,33
8916,177
8918,81
8919,61
8921,194
8922,194
8925,169
8926,194
8929,102
8930,194
8931,194
8932,194
8933,81
8934,181
8936,625
8937,194
8945,194
8946,181
8947,194
8950,265
8951,194
8953,190
8954,30
8957,81
8960,30
8961,184
8962,184
8963,321
8964,78
8965,184
8966,73
8968,541
8975,625
8976,130
8977,13
8979,85
8983,83
8984,85
8988,85
8989,85
8991,167
8992,25
8993,85
8994,25
8995,25
8998,85
8999,176
9000,88
9001,18
9002,541
9003,311
9005,194
9007,17
9008,187
9009,74
9010,18
9011,18
9013,541
9014,24
9015,39
9021,321
9026,24
9027,130
9028,74
9030,850
9032,24
9033,24
9034,39
9036,24
9037,203
9039,24
9042,185
9043,299
9044,185
9045,299
9048,130
9049,185
9050,130
9051,73
9052,292
9053,185
9054,292
9055,185
9056,83
9057,185
9063,1
9065,292
9068,292
9073,185
9076,73
9077,238
9079,24
9081,81
9082,73
9083,183
9084,134
9086,184
9089,130
9096,24
9098,140
9102,130
9103,140
9105,130
9108,24
9115,541
9116,24
9117,33
9120,216
9122,741
9124,103
9125,102
9126,102
9127,741
9128,741
9129,5
9132,84
9133,2
9134,33
9135,84
9139,73
9141,18
9143,545
9144,179
9146,14
9147,275
9148,27
9154,24
9155,176
9156,56
9157,24
9160,24
9161,73
9162,18
9163,18
9164,304
9166,432
9167,24
9169,24
9170,432
9183,24
9187,183
9193,73
9195,432
9197,432
9199,24
9200,24
9206,81
9207,741
9208,741
9209,4
9211,741
9212,5
9213,741
9214,5
9215,741
9216,191
9217,229
9222,4
9223,741
9226,4
9228,79
9230,73
9232,24
9233,73
9234,39
9236,81
9237,79
9238,181
9240,396
9242,177
9245,13
9249,130
9250,24
9253,16
9254,25
9255,16
9256,16
9259,130
9260,1
9261,73
9262,79
9263,179
9265,130
9267,275
9271,545
9272,26
9274,830
9279,24
9282,183
9284,105
9285,13
9286,247
9287,73
9288,24
9289,184
9290,24
9291,184
9292,24
9293,73
9294,191
9296,25
9297,191
9298,73
9299,247
9300,247
9301,724
9302,83
9305,84
9307,130
9308,360
9310,130
9317,234
9318,134
9319,611
9321,79
9322,25
9324,79
9325,74
9329,319
9330,61
9332,79
9333,13
9334,25
9335,78
9336,87
9337,13
9338,25
9342,87
9343,73
9344,170
9346,170
9347,192
9348,192
9351,72
9352,445
9353,14
9354,14
9355,21
9356,13
9357,13
9358,13
9359,47
9360,105
9361,15
9362,20
9363,184
9364,73
9365,23
9366,83
9368,184
9369,184
9370,127
9371,103
9376,308
9384,102
9387,24
9391,103
9392,191
9400,183
9401,130
9402,184
9403,130
9404,191
9410,385
9412,385
9414,24
9416,73
9417,25
9418,192
9419,192
9421,98
9423,192
9424,247
9425,130
9426,192
9427,247
9428,735
9429,735
9430,735
9431,192
9433,192
9434,13
9435,1210
9437,134
9438,1
9439,67
9440,1
9444,33
9445,1
9446,67
9447,33
9448,1
9449,32
9451,87
9452,33
9453,1
9454,33
9455,32
9456,32
9457,33
9458,33
9459,72
9460,72
9461,72
9462,72
9464,72
9465,850
9466,76
9467,130
9468,78
9469,181
9470,79
9475,76
9477,81
9478,247
9479,193
9481,33
9484,81
9485,81
9487,79
9492,32
9495,18
9496,86
9498,18
9499,61
9502,87
9503,16
9504,18
9505,61
9507,16
9510,73
9511,188
9512,386
9513,73
9515,178
9516,180
9517,376
9518,24
9519,167
9520,15
9521,829
9523,386
9527,102
9528,24
9529,72
9530,82
9532,127
9533,33
9534,4
9535,292
9537,292
9539,292
9540,14
9541,292
9543,192
9544,292
9545,292
9547,130
9549,130
9550,14
9552,545
9553,299
9554,299
9555,23
9556,306
9557,541
9560,247
9561,14
9562,184
9567,83
9568,130
9569,130
9570,24
9571,61
9576,541
9577,139
9578,13
9579,1355
9583,15
9585,18
9587,73
9589,265
9590,247
9591,265
9592,265
9593,265
9594,311
9595,311
9598,311
9600,265
9601,265
9602,265
9603,182
9604,181
9606,311
9607,311
9608,247
9609,265
9610,130
9611,311
9612,265
9613,265
9614,265
9616,265
9624,311
9625,265
9626,265
9627,247
9629,24
9630,79
9631,389
9632,389
9633,81
9634,7
9635,30
9636,179
9637,179
9639,7
9642,16
9643,1
9644,7
9645,1
9646,30
9647,192
9648,72
9649,1
9656,24
9658,39
9660,306
9663,109
9666,33
9667,821
9668,570
9669,134
9671,1
9672,87
9673,84
9677,30
9678,30
9679,103
9680,30
9681,30
9683,30
9684,102
9685,30
9686,30
9687,30
9689,185
9694,30
9697,30
9698,386
9699,292
9700,1627
9701,526
9702,134
9704,292
9706,292
9707,130
9711,130
9713,693
9714,25
9716,33
9717,24
9718,14
9719,18
9720,299
9724,193
9727,296
9729,18
9730,292
9734,306
9735,191
9737,321
9739,140
9740,73
9742,321
9743,608
9745,321
9746,292
9747,79
9748,24
9749,73
9751,24
9752,90
9754,24
9757,346
9758,200
9761,1
9762,18
9764,169
9765,177
9766,34
9768,194
9769,176
9770,79
9771,194
9772,178
9773,176
9774,73
9775,194
9776,78
9777,238
9778,24
9779,83
9782,33
9783,33
9791,102
9794,169
9795,169
9796,181
9798,376
9799,176
9802,181
9804,376
9807,169
9810,79
9811,182
9814,194
9817,308
9818,73
9819,72
9820,308
9821,25
9822,72
9823,242
9824,242
9825,242
9826,25
9828,385
9829,311
9830,311
9831,311
9832,311
9833,25
9834,311
9835,311
9836,311
9839,311
9840,311
9841,385
9842,311
9843,311
9844,167
9845,127
9847,102
9851,130
9855,181
9856,73
9858,79
9859,39
9860,18
9861,352
9862,18
9863,25
9865,16
9867,16
9868,18
9869,74
9872,25
9873,1210
9874,81
9876,296
9877,81
9882,134
9886,73
9888,102
9889,321
9892,39
9893,81
9896,321
9900,102
9901,103
9902,102
9904,527
9905,102
9906,625
9907,167
9911,625
9912,73
9913,102
9914,102
9916,73
9919,72
9920,73
9926,72
9928,185
9929,83
9932,73
9934,180
9936,73
9941,72
9943,194
9944,1
9945,74
9949,73
9951,14
9953,81
9955,391
9959,81
9960,181
9961,378
9962,2139
9963,194
9964,191
9965,191
9966,181
9969,25
9970,14
9971,292
9974,13
9975,18
9976,130
9977,81
9978,7
9979,1
9980,16
9982,79
9983,18
9987,90
9988,17
9990,192
9992,25
9993,16
9996,14
9997,34
9999,61
10000,13
10001,24
10002,1995
10005,87
10007,345
10016,127
10017,321
10024,18
10026,83
10027,625
10028,432
10030,6
10031,14
10032,18
10034,180
10035,79
10036,194
10037,6
10038,73
10039,84
10040,1358
10041,247
10042,78
10046,102
10047,49
10050,102
10053,102
10055,228
10057,231
10063,13
10064,14
10065,18
10066,387
10067,18
10068,850
10069,78
10074,24
10075,39
10077,608
10078,24
10079,7
10080,81
10082,61
10088,5
10089,91
10090,76
10091,385
10092,6
10095,5
10099,5
10101,5
10102,5
10105,275
10107,13
10110,18
10111,185
10113,73
10114,247
10115,18
10118,73
10119,134
10122,18
10123,275
10125,1
10126,73
10127,181
10128,184
10129,130
10130,247
10133,625
10134,625
10139,508
10142,625
10143,130
10145,13
10146,24
10147,25
10150,625
10151,625
10156,352
10157,25
10159,625
10160,14
10161,61
10162,32
10163,61
10164,33
10165,33
10169,32
10170,18
10171,170
10172,21
10174,33
10175,78
10178,30
10179,30
10180,24
10182,24
10183,193
10184,25
10191,184
10193,47
10194,14
10195,2726
10196,73
10198,134
10199,73
10202,14
10203,81
10205,47
10208,230
10211,33
10213,545
10214,84
10217,184
10218,32
10220,18
10222,33
10224,545
10225,545
10226,130
10227,130
10228,541
10229,354
10230,130
10231,130
10232,73
10233,24
10234,130
10235,140
10237,541
10238,39
10243,541
10244,139
10245,130
10247,102
10248,18
10249,541
10250,18
10252,78
10283,304
10285,102
10287,24
10290,103
10293,102
10298,191
10299,1
10300,1
10301,177
10302,1
10303,1
10305,2
10306,1252
10307,5
10308,1
10309,378
10310,1
10311,76
10312,13
10313,18
10314,18
10316,24
10317,109
10318,1249
10320,83
10324,81
10327,81
10328,73
10337,184
10340,184
10343,184
10346,625
10349,184
10351,184
10358,83
10362,18
10367,88
10369,20
10370,184
10374,83
10377,85
10378,935
10379,18
10380,18
10382,14
10383,18
10384,81
10385,275
10386,296
10389,14
10390,73
10391,18
10393,102
10394,85
10395,195
10396,13
10399,102
10400,511
10401,127
10402,181
10404,182
10406,108
10407,292
10410,1
10411,24
10412,192
10413,33
10414,88
10415,432
10417,88
10418,693
10419,265
10428,73
10429,24
10430,179
10433,39
10435,345
10436,18
10440,30
10444,181
10446,345
10449,178
10454,192
10455,72
10460,432
10462,30
10464,311
10465,321
10468,85
10472,387
10473,76
10475,72
10476,370
10478,73
10479,79
10484,18
10485,181
10486,181
10487,182
10491,79
10492,376
10494,181
10495,169
10496,176
10498,127
10500,194
10501,181
10502,182
10508,102
10509,72
10512,229
10513,24
10514,850
10515,73
10516,14
10517,14
10518,34
10519,13
10520,18
10521,14
10522,14
10523,184
10524,18
10525,177
10526,79
10530,83
10535,73
10536,21
10537,170
10543,193
10545,2139
10547,18
10549,102
10555,102
10557,102
10558,15
10560,102
10561,15
10563,194
10564,265
10565,169
10566,194
10567,194
10568,194
10569,194
10570,194
10571,265
10572,182
10573,194
10574,181
10576,194
10577,194
10579,182
10580,194
10582,541
10583,139
10584,1
10585,615
10587,545
10589,179
10596,16
10597,78
10598,130
10600,167
10603,39
10604,24
10608,167
10609,127
10610,33
10611,84
10612,304
10613,73
10615,67
10616,33
10617,73
10618,84
10619,73
10620,72
10621,83
10622,74
10623,213
10625,195
10626,192
10627,1355
10628,130
10629,74
10630,695
10631,18
10632,228
10633,25
10634,24
10636,18
10638,130
10640,109
10641,24
10646,385
10647,6
10649,79
10650,180
10652,16
10653,108
10656,625
10657,81
10658,18
10660,73
10661,1356
10662,25
10663,311
10665,73
10668,134
10672,91
10674,181
10675,32
10676,4
10677,185
10680,24
10681,73
10682,81
10683,24
10684,103
10685,18
10686,386
10689,72
10691,292
10693,73
10694,90
10695,184
10697,90
10698,90
10699,39
10703,90
10705,79
10709,39
10712,72
10715,25
10716,76
10717,308
10718,73
10719,14
10720,18
10722,321
10726,87
10728,18
10729,370
10735,24
10737,194
10738,1534
10739,74
10740,81
10741,18
10742,181
10743,242
10745,88
10746,850
10747,850
10748,88
10750,181
10751,249
10752,192
10753,181
10754,88
10756,275
10757,195
10758,242
10759,181
10761,181
10762,75
10764,72
10765,181
10766,16
10767,181
10768,91
10771,91
10772,91
10773,24
10775,91
10776,386
10777,386
10784,180
10791,25
10792,574
10794,25
10797,33
10798,169
10799,73
10804,25
10806,24
10807,141
10808,24
10809,130
10810,140
10811,139
10812,127
10814,73
10820,61
10822,24
10824,78
10825,1
10827,73
10828,387
10829,83
10830,176
10831,87
10832,76
10833,385
10836,18
10837,611
10839,76
10840,184
10841,90
10842,327
10843,184
10844,90
10847,79
10848,181
10851,73
10854,185
10855,184
10856,18
10857,61
10858,18
10859,61
10862,27
10863,190
10864,7
10865,7
10867,1
10870,7
10871,103
10872,103
10876,102
10879,103
10883,30
10885,30
10887,14
10889,545
10891,83
10894,4
10895,5
10896,14
10897,181
10899,127
10900,176
10901,73
10903,176
10906,83
10908,83
10910,85
10912,299
10917,30
10918,1627
10922,18
10923,84
10924,1249
10926,140
10931,130
10936,191
10941,541
10943,296
10945,321
10947,88
10948,296
10951,127
10953,385
10954,385
10955,72
10956,385
10960,39
10961,84
10962,72
10963,309
10965,200
10968,292
10969,130
10970,292
10971,192
10972,249
10973,82
10975,33
10976,130
10977,1
10978,7
10979,7
10980,7
10981,130
10982,1
10983,370
10987,188
10988,188
10989,167
10990,130
10992,105
10993,432
10996,73
10997,167
10999,376
11000,178
11001,194
11002,432
11004,33
11005,178
11006,178
11007,184
11010,24
11011,24
11012,24
11013,24
11015,109
11016,184
11017,184
11018,2
11019,14
11020,18
11023,292
11024,24
11027,18
11028,39
11030,18
11031,18
11032,376
11033,18
11034,181
11035,33
11037,195
11038,195
11039,67
11040,195
11041,33
11042,181
11044,195
11045,102
11046,181
11048,18
11049,73
11050,130
11051,20
11052,391
11053,87
11054,181
11055,181
11058,73
11059,169
11060,79
11061,84
11062,102
11063,167
11064,167
11065,167
11067,24
11068,167
11069,167
11070,167
11072,167
11074,311
11075,102
11076,2349
11077,824
11080,167
11081,167
11083,625
11084,319
11085,308
11087,61
11088,61
11089,18
11090,18
11091,574
11092,503
11093,86
11094,14
11095,61
11096,574
11097,67
11098,574
11099,14
11100,61
11101,47
11102,14
11103,61
11104,61
11105,14
11107,86
11109,14
11110,18
11111,1447
11112,81
11113,574
11114,13
11115,14
11116,33
11117,18
11118,15
11120,1
11122,78
11123,13
11124,445
11126,47
11128,34
11129,47
11131,47
11132,311
11133,321
11136,299
11139,39
11146,184
11147,345
11148,18
11150,79
11155,18
11159,82
11160,91
11164,181
11166,195
11168,39
11170,73
11174,73
11177,79
11178,73
11179,24
11181,81
11182,79
11183,352
11185,79
11186,61
11187,575
11188,600
11189,61
11190,18
11191,47
11193,564
11194,18
11195,30
11196,86
11197,86
11198,86
11199,600
11200,34
11201,14
11203,18
11204,47
11205,34
11206,47
11207,14
11208,47
11209,47
11215,81
11216,73
11217,183
11218,183
11219,308
11220,130
11222,73
11223,216
11224,39
11226,73
11227,194
11228,180
11229,81
11230,389
11232,24
11234,195
11236,183
11237,234
11238,169
11239,24
11240,49
11242,49
11243,18
11244,81
11252,24
11253,2726
11256,73
11258,61
11259,73
11263,821
11264,87
11265,81
11267,14
11268,292
11272,87
11276,176
11277,83
11281,130
11283,387
11284,87
11285,275
11286,73
11287,73
11288,87
11289,391
11291,180
11293,376
11297,24
11298,178
11300,187
11301,25
11302,1
11303,14
11313,18
11315,18
11316,47
11329,79
11330,18
11331,74
11332,16
11336,25
11337,24
11338,25
11339,24
11340,191
11341,24
11342,73
11343,73
11344,39
11345,25
11346,24
11347,39
11348,24
11349,73
11350,24
11352,18
11353,18
11354,18
11371,15
11372,4
11377,626
11378,21
11387,210
11388,287
11391,102
11393,185
11395,304
11396,185
11397,275
11398,693
11399,88
11401,102
11402,24
11405,24
11412,81
11413,127
11416,81
11417,292
11421,296
11423,81
11424,424
11425,387
11426,33
11427,527
11428,387
11429,75
11431,830
11432,823
11434,33
11435,88
11438,73
11439,387
11441,693
11442,73
11445,432
11451,24
11452,39
11455,73
11456,79
11460,84
11461,81
11462,176
11463,67
11464,67
11465,935
11466,18
11467,81
11472,39
11473,24
11475,87
11476,47
11477,83
11479,32
11480,545
11481,81
11482,87
11483,87
11484,432
11486,130
11487,247
11488,24
11489,79
11492,79
11493,608
11494,79
11498,176
11500,81
11501,192
11502,72
11508,73
11510,81
11511,387
11512,84
11514,76
11515,81
11516,76
11517,1
11518,61
11519,61
11520,309
11521,13
11524,564
11526,14
11529,13
11530,14
11532,14
11534,15
11535,69
11536,20
11537,13
11544,13
11546,18
11547,73
11548,84
11549,81
11550,84
11552,127
11555,78
11556,81
11558,21
11561,13
11562,14
11567,191
11570,18
11571,81
11572,18
11577,181
11578,73
11579,432
11581,72
11583,405
11585,18
11589,127
11590,24
11592,391
11594,18
11597,445
11598,84
11600,130
11602,181
11604,178
11606,14
11607,82
11609,14
11610,87
11611,4
11613,14
11614,14
11616,33
11617,33
11621,4
11622,391
11623,81
11625,87
11627,376
11629,299
11630,18
11631,292
11632,14
11633,292
11634,292
11635,21
11636,387
11637,193
11638,14
11639,299
11640,193
11641,184
11642,23
11650,83
11652,83
11653,32
11654,545
11655,83
11656,83
11664,526
11666,83
11667,83
11668,83
11669,83
11670,83
11671,545
11674,83
11675,13
11676,130
11678,83
11682,83
11683,191
11685,103
11686,127
11688,24
11690,25
11693,24
11700,545
11701,81
11703,76
11704,14
11708,184
11712,87
11714,184
11715,14
11716,14
11717,200
11718,824
11720,39
11722,24
11723,234
11724,79
11725,24
11726,81
11727,105
11728,24
11729,130
11730,39
11731,16
11733,16
11736,292
11737,296
11739,81
11740,79
11741,81
11742,78
11743,296
11745,2349
11753,13
11754,83
11756,103
11760,33
11763,693
11764,130
11765,13
11768,193
11769,193
11770,193
11771,193
11772,193
11773,1097
11774,1352
11775,193
11776,73
11777,193
11778,210
11779,184
11780,193
11781,184
11782,193
11783,34
11784,32
11787,178
11788,33
11789,85
11791,39
11792,33
11793,24
11794,16
11795,169
11796,183
11801,81
11802,14
11803,73
11806,183
11809,611
11811,81
11812,935
11813,24
11816,378
11817,6
11819,73
11822,139
11823,85
11824,102
11825,184
11826,102
11827,61
11829,130
11833,184
11834,311
11836,188
11839,181
11849,24
11850,376
11852,376
11854,194
11858,376
11860,378
11861,79
11862,376
11865,194
11867,391
11871,25
11874,14
11875,39
11881,185
11883,445
11884,829
11885,445
11886,829
11887,81
11890,167
11891,304
11892,130
11893,27
11895,185
11896,391
11897,18
11898,27
11899,134
11900,81
11901,391
11903,81
11904,195
11905,87
11906,4
11909,292
11910,73
11913,24
11916,24
11917,829
11918,829
11919,829
11921,829
11923,829
11926,829
11927,134
11930,25
11931,16
11933,181
11935,432
11936,741
11937,24
11938,74
11939,184
11950,81
11953,127
11954,352
11955,78
11956,130
11958,292
11959,127
11960,33
11961,193
11962,81
11963,130
11964,127
11965,127
11966,387
11968,134
11970,33
11971,81
11973,193
11974,130
11976,24
11977,78
11978,1
11979,33
11980,33
11981,178
11982,194
11985,611
11986,178
11987,194
11993,191
11994,194
11995,39
11997,24
11998,81
12000,34
12002,393
12004,84
12005,14
12006,88
12007,601
12008,249
12009,72
12010,24
12011,24
12012,14
12013,79
12014,242
12015,249
12016,201
12017,24
12020,13
12021,693
12022,130
12023,1627
12024,14
12025,210
12026,130
12027,216
12028,304
12031,823
12032,73
12033,73
12034,183
12035,73
12036,179
12037,24
12038,24
12039,18
12041,102
12043,18
12044,103
12045,15
12046,88
12047,85
12049,242
12051,265
12054,73
12056,829
12057,829
12058,829
12059,829
12060,73
12064,216
12065,33
12067,181
12070,184
12071,134
12072,85
12073,347
12075,321
12076,741
12077,389
12078,33
12079,81
12081,82
12082,25
12083,192
12092,181
12096,121
12099,39
12104,73
12105,84
12109,39
12110,24
12111,191
12112,83
12113,83
12114,83
12115,83
12116,83
12117,83
12118,83
12119,83
12120,83
12121,83
12122,83
12123,829
12124,24
12126,185
12127,83
12129,24
12130,81
12132,83
12134,304
12135,83
12137,83
12138,299
12139,304
12141,83
12145,265
12148,18
12152,72
12153,1
12155,72
12160,25
12163,72
12164,130
12165,195
12168,81
12169,73
12180,73
12183,719
12185,139
12190,140
12191,140
12193,24
12194,81
12195,850
12196,130
12199,821
12201,292
12202,73
12203,69
12205,24
12207,306
12212,73
12214,127
12215,130
12218,84
12219,181
12220,181
12221,81
12228,179
12229,311
12235,311
12239,311
12243,25
12255,34
12268,39
12273,127
12274,73
12276,611
12284,385
12285,4
12287,292
12288,184
12289,73
12291,611
12292,127
12295,84
12298,24
12299,134
12302,206
12303,39
12307,299
12309,79
12311,130
12312,21
12314,130
12315,32
12316,321
12318,73
12319,130
12323,275
12325,79
12329,14
12330,46
12334,47
12335,14
12336,33
12337,47
12338,61
12340,18
12342,47
12343,14
12344,47
12345,47
12346,47
12347,30
12348,30
12349,167
12351,24
12352,39
12354,49
12356,1
12357,73
12358,18
12359,33
12360,32
12361,69
12362,33
12363,33
12364,18
12365,364
12366,83
12367,87
12369,18
12370,14
12373,541
12379,49
12384,84
12385,102
12386,180
12387,79
12391,76
12392,76
12394,179
12395,18
12396,102
12397,304
12399,73
12400,16
12401,24
12405,167
12410,84
12414,79
12421,79
12429,78
12433,299
12435,299
12436,299
12437,191
12439,306
12441,299
12443,299
12444,545
12447,299
12448,299
12450,299
12453,299
12454,299
12456,15
12457,545
12461,299
12468,299
12470,25
12476,299
12477,102
12480,130
12481,79
12482,216
12484,642
12485,18
12487,84
12492,127
12495,935
12496,81
12504,6
12505,61
12506,61
12507,86
12508,61
12509,18
12510,33
12511,33
12515,61
12516,181
12528,186
12531,182
12535,102
12538,182
12541,102
12545,238
12547,73
12548,73
12550,309
12551,81
12552,81
12553,176
12555,24
12561,24
12563,81
12565,81
12566,354
12567,73
12570,611
12572,81
12573,73
12574,73
12577,185
12579,79
12581,30
12583,81
12596,24
12599,735
12603,16
12604,127
12605,102
12608,33
12612,296
12616,73
12618,27
12619,79
12620,78
12621,184
12623,192
12625,24
12626,445
12627,445
12628,445
12630,445
12632,829
12633,445
12635,445
12636,445
12637,445
12638,73
12639,445
12640,445
12642,445
12643,247
12645,73
12648,130
12651,127
12658,376
12659,102
12661,386
12662,1
12663,545
12668,179
12670,73
12671,72
12681,193
12682,193
12683,81
12684,193
12686,130
12687,98
12691,89
12693,72
12694,216
12695,1
12701,18
12702,541
12703,87
12705,87
12706,87
12707,391
12709,391
12710,181
12711,391
12713,14
12715,299
12716,87
12717,391
12718,87
12720,33
12722,391
12723,73
12724,275
12725,127
12726,81
12727,23
12728,18
12733,184
12735,27
12736,14
12738,23
12739,23
12740,14
12742,387
12744,184
12745,23
12750,18
12751,102
12752,625
12753,127
12759,18
12761,87
12762,87
12763,184
12766,13
12768,102
12771,306
12772,184
12774,30
12776,376
12777,1
12778,185
12779,376
12780,385
12782,385
12783,1
12786,73
12787,195
12788,78
12791,73
12792,73
12794,176
12795,141
12796,139
12797,141
12798,141
12799,206
12800,141
12801,141
12802,141
12803,73
12804,141
12805,141
12807,139
12808,1
12811,139
12814,141
12816,139
12817,25
12820,79
12821,18
12822,18
12823,18
12825,187
12826,13
12827,18
12828,18
12829,14
12834,73
12835,73
12838,18
12839,626
12840,626
12842,18
12866,13
12867,90
12868,13
12873,13
12885,13
12890,13
12893,103
12895,18
12896,102
12897,18
12898,103
12902,102
12903,102
12904,102
12909,249
12911,72
12915,84
12917,79
12918,73
12920,231
12921,231
12922,24
12923,73
12924,24
12925,319
12927,24
12928,83
12930,184
12931,14
12932,545
12934,72
12935,352
12936,386
12939,386
12941,73
12943,601
12946,183
12947,1252
12948,183
12949,183
12950,183
12951,183
12953,183
12956,1252
12957,183
12958,306
12959,184
12964,13
12965,105
12966,24
12975,6
12976,14
12977,179
12978,935
12979,47
12980,33
12981,176
12983,194
12984,18
12987,39
12989,292
12990,167
12991,292
12992,81
12993,81
12994,24
12998,78
12999,389
13000,88
13002,195
13004,275
13007,18
13008,18
13009,18
13010,18
13011,39
13012,25
13013,24
13015,73
13016,127
13017,311
13019,181
13023,182
13025,102
13034,81
13035,13
13036,14
13037,541
13038,67
13039,275
13042,33
13044,292
13045,67
13047,292
13050,127
13051,67
13052,292
13053,88
13054,14
13056,935
13061,85
13062,170
13063,73
13066,81
13069,134
13074,72
13078,192
13084,185
13085,16
13086,25
13087,82
13089,69
13092,47
13100,81
13102,134
13106,4
13107,91
13108,88
13112,735
13123,72
13126,387
13127,76
13128,387
13129,387
13130,76
13133,83
13136,319
13138,308
13139,387
13145,18
13147,79
13151,16
13152,195
13154,73
13156,130
13157,17
13158,611
13159,16
13160,611
13162,32
13164,130
13167,18
13168,17
13169,130
13170,25
13171,24
13173,18
13174,14
13177,33
13178,25
13179,187
13180,78
13182,17
13183,16
13184,18
13185,74
13186,17
13187,18
13188,17
13189,18
13190,17
13192,17
13196,16
13197,17
13198,18
13199,824
13202,17
13206,73
13207,16
13208,16
13209,130
13210,16
13211,76
13212,72
13213,194
13214,72
13215,73
13217,296
13219,13
13221,84
13224,81
13225,81
13227,483
13228,321
13231,24
13232,184
13234,169
13238,78
13244,182
13246,169
13253,169
13257,169
13258,87
13260,181
13266,24
13267,130
13268,134
13269,829
13270,445
13271,167
13272,445
13273,130
13274,830
13275,78
13276,72
13279,127
13286,49
13287,406
13288,139
13289,84
13290,88
13291,72
13292,304
13298,304
13306,184
13308,83
13309,33
13311,18
13312,18
13313,191
13314,14
13315,83
13317,33
13318,13
13319,33
13320,85
13321,184
13325,14
13327,33
13329,13
13330,83
13331,33
13332,191
13333,299
13336,184
13337,184
13338,191
13339,564
13340,88
13341,575
13344,16
13345,275
13347,179
13351,24
13352,24
13353,13
13354,18
13357,25
13359,13
13360,24
13361,24
13362,18
13363,321
13364,24
13365,81
13368,27
13369,292
13371,545
13372,18
13375,39
13387,81
13390,67
13392,102
13393,21
13394,15
13395,1627
13396,87
13397,191
13398,49
13399,33
13401,127
13406,84
13407,79
13409,73
13413,49
13414,185
13415,182
13416,79
13417,24
13418,25
13419,84
13420,292
13422,193
13423,275
13425,84
13426,16
13427,275
13430,81
13431,180
13433,73
13434,292
13435,24
13440,321
13443,33
13444,1356
13445,352
13446,625
13448,625
13450,695
13451,61
13452,73
13453,25
13454,292
13455,1076
13456,309
13458,167
13460,187
13461,130
13463,1097
13467,18
13468,169
13469,134
13472,81
13474,193
13480,385
13483,4
13485,82
13498,14
13500,14
13501,33
13502,18
13503,191
13504,526
13505,299
13506,14
13507,14
13508,18
13510,78
13516,30
13517,193
13521,73
13523,81
13525,78
13526,127
13528,78
13529,181
13530,16
13531,78
13532,181
13533,181
13534,187
13536,72
13539,18
13540,213
13543,39
13546,24
13548,127
13549,24
13556,391
13558,389
13559,296
13563,13
13566,103
13567,194
13568,181
13570,127
13575,389
13576,79
13578,396
13579,134
13581,78
13582,25
13583,73
13587,545
13588,23
13590,545
13593,292
13594,21
13595,545
13597,545
13598,292
13599,247
13600,103
13603,24
13605,134
13606,191
13607,195
13608,130
13609,247
13610,78
13611,178
13612,194
13616,194
13618,178
13621,73
13622,1
13624,185
13631,49
13632,73
13633,130
13634,184
13637,72
13638,76
13642,102
13645,79
13646,18
13650,47
13651,14
13652,1534
13654,47
13655,18
13657,47
13658,18
13661,393
13662,713
13664,67
13667,18
13668,81
13669,308
13670,73
13671,14
13672,81
13676,4
13678,4
13680,176
13681,177
13683,5
13684,5
13688,79
13690,79
13692,194
13698,13
13700,79
13702,14
13709,130
13710,24
13711,191
13712,79
13713,81
13714,81
13716,81
13719,20
13720,24
13724,84
13726,385
13727,4
13730,90
13733,24
13735,24
13737,81
13738,391
13739,176
13742,24
13743,238
13744,73
13748,84
13749,105
13752,1
13754,61
13755,73
13756,79
13760,23
13761,228
13775,18
13779,73
13785,141
13802,195
13809,102
13812,85
13813,83
13814,85
13815,85
13816,102
13817,625
13830,292
13832,296
13834,81
13838,127
13839,169
13842,73
13843,78
13844,73
13845,73
13846,5
13847,76
13848,83
13849,5
13854,181
13859,18
13861,61
13862,185
13872,4
13877,4
13879,79
13880,81
13888,81
13891,79
13892,275
13894,1006
13896,14
13900,16
13901,73
13904,18
13910,545
13913,20
13915,83
13916,13
13917,85
13918,85
13920,1627
13923,85
13924,13
13926,85
13929,18
13932,18
13935,76
13936,33
13938,432
13939,88
13940,432
13941,13
13942,432
13943,33
13944,24
13945,24
13947,14
13948,545
13950,32
13951,18
13953,545
13954,18
13956,83
13957,32
13960,24
13962,24
13966,39
13967,127
13971,176
13972,13
13976,203
13978,574
13981,18
13982,192
13983,387
13991,14
13994,130
13995,1
13997,24
13999,73
14002,76
14005,33
14011,78
14012,185
14013,829
14014,39
14015,134
14016,83
14019,829
14031,829
14032,73
14033,292
14035,1252
14042,1252
14043,130
14051,185
14052,611
14053,387
14055,24
14056,24
14057,1
14058,1
14060,130
14061,1
14065,292
14066,719
14067,370
14069,935
14071,130
14074,292
14075,193
14078,265
14079,292
14080,625
14081,193
14084,184
14086,184
14087,829
14088,108
14089,193
14091,1076
14092,4
14093,5
14094,376
14096,292
14097,292
14103,24
14104,30
14106,181
14109,25
14110,25
14111,25
14114,181
14115,25
14116,181
14119,181
14120,127
14121,7
14122,292
14123,18
14124,83
14125,73
14127,73
14128,73
14129,345
14130,134
14131,445
14132,73
14133,73
14134,191
14135,79
14139,81
14141,130
14142,67
14143,18
14144,296
14147,83
14152,109
14154,49
14156,18
14157,741
14160,72
14162,79
14170,102
14184,73
14185,134
14189,18
14192,73
14193,184
14194,87
14200,5
14201,14
14203,181
14204,81
14208,180
14212,33
14214,87
14215,87
14217,85
14221,391
14222,15
14225,102
14227,102
14230,13
14236,185
14238,81
14239,13
14240,134
14241,73
14245,526
14246,292
14247,56
14250,83
14252,73
14254,79
14256,13
14257,78
14260,79
14261,24
14265,73
14267,73
14269,18
14271,78
14284,601
14285,18
14286,61
14287,565
14288,61
14289,393
14291,18
14292,61
14293,86
14294,74
14295,33
14296,18
14298,18
14299,18
14300,85
14301,87
14303,67
14304,91
14305,91
14306,25
14308,615
14310,140
14317,73
14318,73
14323,292
14324,24
14329,24
14337,208
14340,103
14341,311
14344,387
14346,18
14347,79
14349,275
14350,73
14353,483
14354,84
14356,275
14359,24
14361,545
14363,14
14366,311
14367,103
14372,81
14373,56
14374,292
14377,249
14378,88
14385,84
14389,405
14391,191
14392,185
14393,25
14394,608
14395,231
14396,134
14398,292
14401,24
14402,17
14406,14
14424,103
14428,311
14429,829
14434,187
14435,445
14436,102
14439,73
14443,180
14444,180
14448,18
14449,178
14450,23
14453,81
14454,127
14455,432
14456,370
14457,642
14458,642
14459,73
14460,370
14461,370
14462,370
14463,370
14464,642
14465,642
14466,184
14467,370
14468,79
14469,79
14470,370
14473,79
14474,199
14476,127
14480,1356
14483,193
14485,829
14488,73
14493,299
14494,1076
14498,193
14505,193
14508,74
14509,25
14511,61
14513,850
14515,130
14516,24
14518,20
14520,130
14523,389
14525,24
14526,24
14527,24
14528,706
14529,18
14530,130
14532,81
14533,24
14534,73
14536,83
14537,184
14538,356
14546,83
14548,231
14549,376
14553,105
14558,90
14560,87
14561,21
14566,130
14567,406
14568,406
14569,73
14570,81
14571,406
14572,167
14575,406
14576,406
14578,24
14579,432
14581,194
14583,180
14584,1
14585,432
14588,79
14591,24
14593,24
14594,24
14595,24
14599,81
14601,24
14613,140
14614,78
14620,85
14622,79
14623,79
14624,178
14627,18
14628,79
14629,73
14632,130
14633,18
14634,73
14636,24
14638,18
14640,18
14645,24
14646,81
14649,130
14652,81
14654,935
14657,181
14661,185
14662,18
14663,73
14665,16
14666,18
14667,81
14668,32
14669,33
14670,18
14672,32
14673,13
14677,935
14678,16
14680,18
14683,18
14685,130
14687,79
14688,21
14690,311
14692,177
14693,292
14699,183
14707,195
14711,73
14712,18
14720,24
14721,1911
14723,83
14724,406
14726,73
14727,89
14728,30
14730,127
14733,1249
14739,34
14740,191
14742,18
14744,570
14745,33
14746,191
14747,167
14748,167
14749,167
14750,34
14751,570
14752,34
14753,570
14754,34
14755,18
14757,34
14758,34
14760,34
14761,34
14762,34
14764,570
14765,570
14766,34
14768,34
14771,34
14773,34
14774,34
14778,570
14779,18
14780,34
14783,570
14787,39
14791,194
14792,194
14794,5
14795,194
14796,194
14797,18
14801,78
14802,304
14803,30
14805,292
14807,182
14809,102
14811,304
14814,352
14815,102
14818,102
14822,83
14827,194
14831,194
14834,73
14837,194
14838,194
14840,18
14841,176
14843,79
14845,24
14846,18
14847,127
14848,33
14851,181
14852,181
14859,87
14860,87
14867,176
14869,87
14873,91
14874,25
14876,386
14877,33
14878,83
14879,76
14880,387
14882,387
14886,83
14888,292
14889,376
14890,376
14891,1
14892,385
14894,91
14895,385
14896,385
14897,79
14898,24
14902,24
14906,39
14911,73
14913,385
14919,5
14920,741
14922,387
14924,1354
14925,2349
14926,73
14930,78
14931,14
14932,391
14936,33
14937,14
14938,81
14941,391
14942,391
14943,14
14944,18
14946,387
14947,424
14948,72
14950,387
14951,424
14952,387
14953,424
14954,72
14955,424
14956,387
14957,424
14959,424
14960,387
14961,387
14962,33
14967,32
14968,424
14969,387
14971,387
14973,387
14974,424
14978,387
14979,33
14980,79
14984,24
14987,1252
15027,134
15033,18
15034,192
15036,25
15037,18
15038,134
15039,191
15040,292
15044,1
15045,127
15046,360
15047,376
15049,1
15050,378
15053,378
15054,385
15055,194
15056,378
15058,15
15063,1
15064,21
15065,299
15068,79
15071,184
15072,18
15074,1
15075,18
15082,18
15083,15
15085,18
15086,18
15087,13
15090,18
15094,18
15100,73
15101,98
15102,102
15103,102
15108,102
15109,102
15115,102
15119,79
15122,275
15124,81
15125,275
15132,25
15133,16
15134,387
15135,73
15137,74
15141,102
15142,191
15143,16
15144,81
15158,39
15159,84
15160,185
15161,78
15163,140
15164,181
15166,24
15167,432
15171,199
15172,81
15173,18
15177,130
15178,18
15179,194
15180,73
15182,73
15189,81
15190,364
15191,73
15192,81
15194,570
15200,91
15201,181
15203,194
15204,194
15205,194
15206,1
15209,73
15210,194
15213,130
15214,130
15215,432
15216,134
15218,73
15220,24
15224,432
15236,24
15237,850
15241,17
15245,15
15247,14
15249,25
15250,18
15251,1
15252,73
15253,39
15254,18
15255,88
15258,18
15259,90
15260,432
15261,181
15262,483
15267,83
15269,1356
15271,391
15272,169
15277,18
15279,139
15283,139
15284,141
15288,130
15289,86
15290,141
15292,134
15293,24
15294,81
15295,83
15296,73
15297,30
15298,18
15299,30
15300,184
15301,829
15302,4
15305,76
15307,47
15309,47
15310,47
15311,47
15315,47
15316,47
15317,18
15318,47
15321,73
15322,24
15324,18
15325,140
15326,39
15327,181
15329,180
15332,308
15335,308
15338,545
15340,308
15341,308
15344,84
15345,127
15347,24
15354,72
15359,83
15360,83
15361,83
15362,87
15363,108
15365,79
15368,24
15370,18
15371,81
15375,24
15378,109
15386,216
15388,18
15389,292
15390,247
15391,625
15393,216
15399,103
15403,24
15407,49
15414,24
15419,167
15420,84
15421,24
15422,24
15424,25
15425,541
15429,182
15430,73
15431,73
15432,73
15433,73
15436,352
15441,73
15443,78
15445,73
15446,78
15447,73
15448,73
15451,39
15453,79
15454,127
15456,14
15457,73
15460,1352
15461,1210
15463,185
15465,574
15469,18
15473,103
15476,192
15477,127
15481,192
15482,308
15483,73
15486,191
15493,73
15494,1249
15495,127
15498,169
15502,181
15504,376
15507,176
15511,345
15512,238
15513,190
15520,25
15524,61
15527,192
15528,72
15531,61
15532,39
15533,39
15534,18
15537,24
15538,83
15539,83
15541,13
15544,25
15546,17
15547,18
15550,18
15552,167
15553,611
15556,130
15557,73
15559,321
15561,81
15562,321
15564,18
15566,78
15569,18
15574,309
15575,6
15577,706
15582,625
15583,247
15584,16
15586,72
15587,247
15591,24
15592,88
15593,14
15595,18
15596,14
15597,184
15599,79
15600,18
15601,17
15603,27
15606,190
15610,180
15611,306
15614,24
15616,608
15617,18
15621,33
15622,47
15624,15
15626,67
15627,25
15629,33
15631,86
15635,14
15636,61
15637,25
15639,25
15640,18
15641,275
15642,33
15643,33
15645,24
15647,81
15648,935
15649,81
15651,127
15652,33
15654,18
15657,16
15659,292
15660,296
15662,15
15663,24
15665,608
15666,18
15667,13
15668,25
15671,187
15672,39
15675,14
15676,191
15678,25
15679,13
15682,386
15686,608
15687,24
15688,15
15690,39
15691,39
15694,18
15696,24
15699,24
15700,4
15707,14
15708,292
15710,23
15717,18
15720,83
15723,127
15724,79
15728,127
15729,20
15732,406
15733,1627
15736,850
15737,346
15742,130
15743,130
15744,102
15748,13
15749,829
15751,25
15752,81
15753,526
15754,13
15755,87
15757,14
15759,87
15760,14
15761,191
15763,4
15764,33
15769,91
15771,16
15772,625
15774,130
15775,85
15776,83
15777,309
15778,570
15780,34
15782,34
15783,34
15784,34
15785,18
15787,18
15791,105
15792,18
15793,570
15795,18
15797,570
15798,34
15799,18
15800,18
15801,32
15802,34
15803,24
15812,127
15813,14
15815,1
15816,247
15817,72
15821,184
15832,24
15834,79
15835,24
15837,181
15839,16
15841,741
15842,1
15844,83
15846,33
15853,393
15854,296
15860,296
15862,391
15863,296
15865,130
15866,391
15867,393
15869,81
15871,296
15873,719
15875,1
15876,14
15878,387
15880,13
15882,14
15883,47
15890,18
15894,79
15897,134
15899,181
15900,73
15903,24
15904,18
15905,319
15912,24
15914,24
15915,102
15916,32
15918,25
15919,167
15920,625
15922,102
15923,13
15927,823
15934,695
15935,73
15938,73
15941,24
15942,24
15947,73
15948,24
15949,73
15952,24
15955,18
15957,73
15961,79
15962,345
15963,13
15964,345
15965,1
15967,78
15968,6
15972,72
15973,18
15974,1
15975,73
15979,72
15984,1
15985,72
15986,72
15987,249
15989,1210
15990,387
15991,275
15993,170
15994,73
15995,73
15996,311
15998,79
15999,304
16002,79
16003,186
16007,127
16010,6
16011,177
16012,179
16013,78
16014,7
16015,78
16016,81
16017,2
16018,7
16021,6
16022,81
16024,191
16025,18
16026,387
16027,78
16028,292
16029,24
16032,130
16039,73
16049,78
16051,24
16052,21
16053,34
16054,18
16055,391
16056,47
16057,713
16059,391
16061,18
16063,18
16068,292
16075,103
16076,1252
16086,134
16090,73
16094,387
16095,1210
16096,829
16098,311
16099,69
16100,69
16103,311
16105,102
16107,311
16108,735
16109,14
16110,14
16111,102
16112,102
16113,102
16122,299
16124,15
16125,321
16127,83
16130,83
16132,83
16134,181
16138,72
16139,25
16141,25
16142,109
16143,24
16145,195
16148,130
16150,24
16151,24
16156,73
16160,102
16161,304
16162,541
16163,73
16164,102
16166,130
16167,140
16169,16
16176,18
16177,83
16179,14
16184,102
16186,32
16187,21
16188,102
16190,178
16191,14
16193,14
16195,102
16196,21
16197,14
16198,4
16199,102
16200,18
16202,4
16204,67
16205,102
16206,179
16212,83
16215,13
16216,191
16221,188
16222,127
16224,73
16228,24
16230,541
16233,67
16239,743
16243,18
16249,83
16255,67
16260,194
16266,391
16267,391
16270,130
16271,181
16278,193
16280,193
16289,193
16294,193
16302,193
16313,24
16314,24
16315,24
16316,24
16317,545
16319,527
16320,545
16321,545
16323,545
16324,15
16327,545
16328,545
16330,545
16331,545
16333,545
16334,545
16335,545
16336,15
16340,389
16344,18
16345,73
16350,18
16351,81
16352,360
16355,14
16358,73
16361,18
16363,81
16365,18
16369,503
16370,18
16373,13
16374,13
16380,385
16388,47
16390,79
16391,127
16394,79
16400,194
16401,169
16405,13
16406,79
16407,32
16411,130
16412,24
16414,1252
16415,194
16416,84
16418,81
16421,14
16422,76
16427,7
16430,1365
16431,7
16432,182
16433,181
16435,181
16437,4
16438,1
16440,4
16441,134
16442,184
16447,387
16449,81
16452,18
16454,33
16459,33
16463,935
16464,194
16466,33
16468,21
16474,13
16478,327
16481,14
16486,18
16491,24
16492,24
16493,18
16495,18
16497,14
16498,102
16499,102
16500,39
16501,102
16502,76
16503,78
16504,13
16505,83
16506,85
16512,25
16521,130
16522,216
16523,20
16524,130
16525,18
16527,18
16529,33
16531,18
16532,75
16533,836
16536,14
16539,574
16540,14
16545,27
16547,27
16549,61
16551,14
16554,575
16555,185
16556,574
16558,27
16560,18
16563,850
16564,24
16566,184
16567,169
16568,127
16574,626
16575,102
16578,615
16582,102
16586,352
16587,73
16591,182
16593,179
16595,378
16604,24
16607,81
16608,74
16609,16
16610,16
16611,18
16612,24
16614,74
16616,78
16617,74
16619,17
16620,61
16622,18
16624,16
16626,181
16628,182
16630,25
16633,26
16634,181
16637,76
16641,91
16644,821
16646,360
16652,73
16657,134
16659,83
16660,360
16661,5
16662,130
16663,130
16664,18
16665,25
16666,105
16667,18
16671,18
16674,130
16676,79
16677,33
16678,81
16679,24
16685,713
16686,81
16691,79
16694,79
16695,304
16696,102
16698,103
16699,18
16704,127
16705,360
16706,181
16707,78
16708,81
16709,73
16711,360
16712,360
16713,73
16714,73
16716,178
16723,352
16727,39
16729,105
16730,600
16732,18
16735,18
16737,90
16740,309
16743,20
16744,21
16745,13
16746,14
16749,187
16751,13
16753,47
16754,13
16756,216
16760,24
16762,24
16763,24
16765,24
16766,724
16767,24
16769,15
16771,405
16774,24
16776,24
16778,24
16779,102
16784,32
16786,18
16788,178
16790,935
16792,81
16794,87
16797,178
16801,14
16805,24
16807,24
16808,130
16815,23
16818,81
16823,81
16827,79
16831,81
16832,167
16833,72
16834,192
16835,103
16837,127
16839,823
16842,79
16843,432
16846,140
16852,73
16855,18
16857,18
16859,242
16860,18
16861,185
16862,134
16863,16
16864,83
16868,625
16871,167
16875,73
16877,181
16878,169
16879,181
16883,169
16884,182
16885,181
16888,182
16889,185
16890,7
16892,73
16894,84
16899,61
16900,61
16902,61
16904,18
16906,86
16908,61
16909,18
16910,18
16911,61
16913,86
16915,24
16917,24
16919,109
16923,109
16927,730
16940,194
16945,195
16946,73
16947,82
16949,82
16950,386
16952,130
16956,184
16961,7
16963,216
16964,61
16965,565
16971,61
16972,345
16973,565
16977,193
16990,78
16995,79
17008,73
17009,386
17010,229
17013,14
17023,292
17044,275
17045,47
17048,15
17049,69
17050,69
17051,15
17053,78
17054,292
17055,292
17056,24
17057,87
17058,79
17060,292
17062,33
17063,275
17064,187
17065,292
17067,292
17069,79
17070,18
17073,84
17075,24
17077,18
17078,127
17080,184
17082,308
17084,319
17087,308
17094,194
17095,299
17098,299
17103,18
17105,292
17108,134
17109,18
17110,299
17111,299
17112,511
17114,299
17117,299
17118,299
17119,299
17120,14
17130,292
17132,14
17133,306
17136,299
17139,81
17142,18
17148,81
17149,793
17153,18
17157,242
17158,32
17161,24
17163,508
17164,81
17166,73
17167,81
17173,386
17174,91
17175,72
17176,386
17177,72
17178,91
17179,91
17180,187
17181,292
17182,210
17184,176
17186,178
17189,67
17190,14
17196,73
17199,2139
17200,47
17208,73
17209,130
17211,192
17212,192
17213,18
17215,192
17217,829
17218,134
17221,87
17225,130
17226,177
17227,130
17228,130
17229,265
17230,177
17231,311
17232,194
17233,61
17234,78
17235,16
17238,247
17239,181
17248,181
17253,16
17256,127
17267,169
17275,292
17276,191
17279,73
17281,25
17283,130
17284,103
17285,103
17286,103
17289,24
17293,105
17294,102
17295,34
17296,34
17306,195
17308,81
17310,73
17320,391
17322,181
17324,130
17325,78
17326,73
17327,265
17329,102
17330,191
17331,17
17332,24
17333,14
17335,13
17336,14
17337,309
17338,13
17339,25
17340,299
17347,299
17348,18
17349,299
17350,13
17351,102
17358,299
17359,14
17360,299
17361,14
17363,13
17365,130
17368,508
17370,508
17371,14
17372,275
17373,391
17374,33
17375,321
17379,14
17380,87
17381,14
17382,33
17383,14
17384,33
17385,87
17386,87
17387,33
17388,14
17389,14
17390,14
17391,14
17392,14
17393,14
17395,33
17398,16
17399,76
17400,615
17401,33
17404,73
17405,387
17413,376
17420,33
17424,352
17426,18
17427,102
17428,103
17432,102
17436,102
17437,39
17438,626
17450,47
17451,47
17456,14
17458,14
17469,24
17470,102
17471,24
17472,140
17473,81
17474,185
17478,16
17479,385
17480,385
17482,130
17483,39
17484,140
17485,49
17486,130
17490,130
17493,611
17494,611
17495,611
17496,611
17498,130
17500,193
17501,81
17504,130
17505,17
17508,15
17509,570
17510,15
17511,15
17512,203
17513,15
17515,352
17516,203
17517,25
17518,626
17519,105
17520,15
17521,83
17522,167
17523,15
17524,20
17525,15
17526,85
17527,15
17528,203
17529,18
17530,20
17531,15
17535,850
17537,78
17541,79
17542,1
17553,30
17559,102
17561,130
17562,24
17563,24
17564,829
17565,24
17566,73
17567,185
17568,25
17569,81
17570,25
17571,203
17572,105
17577,39
17583,18
17584,18
17587,1995
17589,127
17598,102
17606,625
17609,1097
17612,167
17613,14
17619,81
17620,72
17624,24
17627,134
17628,73
17631,376
17632,88
17633,127
17634,180
17635,18
17636,18
17637,18
17638,73
17639,18
17640,81
17641,130
17642,18
17643,187
17644,83
17645,24
17646,130
17648,247
17650,130
17652,72
17653,141
17655,141
17656,141
17659,141
17660,141
17661,139
17662,141
17663,141
17665,141
17667,139
17668,141
17669,141
17671,141
17673,141
17674,141
17675,141
17676,141
17683,141
17684,141
17685,73
17687,18
17688,25
17689,18
17699,33
17702,79
17703,16
17704,1447
17707,503
17710,195
17712,24
17713,140
17714,130
17715,140
17716,49
17717,140
17718,130
17719,541
17721,140
17723,24
17725,724
17726,24
17727,140
17728,742
17730,39
17734,432
17735,81
17736,134
17743,541
17744,611
17752,14
17760,127
17766,545
17783,81
17786,73
17787,78
17794,352
17795,1911
17797,24
17798,39
17799,18
17801,18
17813,432
17816,182
17818,432
17819,18
17820,570
17822,34
17823,18
17824,396
17825,18
17828,18
17829,39
17830,18
17832,39
17833,23
17834,130
17835,73
17847,81
17854,81
17872,79
17873,81
17875,183
17878,526
17880,140
17883,193
17885,16
17886,611
17887,130
17889,16
17890,17
17891,24
17894,611
17895,73
17898,81
17899,167
17900,181
17901,73
17902,18
17905,25
17906,81
17907,296
17913,18
17914,39
17915,103
17916,321
17917,24
17919,321
17920,130
17924,39
17927,102
17928,304
17929,370
17932,192
17933,81
17934,78
17937,194
17943,194
17945,194
17947,178
17948,49
17949,194
17951,194
17953,1006
17955,21
17956,102
17960,18
17962,34
17965,18
17966,18
17967,18
17970,18
17971,18
17972,309
17973,570
17977,85
17978,292
17981,299
17982,130
17985,299
17992,25
17993,167
17994,49
18002,81
18004,73
18007,140
18008,81
18009,24
18010,14
18011,14
18012,194
18016,78
18027,213
18028,13
18029,13
18030,234
18031,234
18033,14
18034,13
18035,13
18036,234
18037,13
18038,13
18039,13
18040,14
18041,14
18042,14
18043,13
18044,13
18045,13
18046,13
18047,13
18048,13
18049,13
18050,23
18051,13
18052,13
18053,14
18059,13
18060,102
18061,102
18067,18
18068,33
18071,18
18074,18
18076,82
18077,5
18078,134
18080,611
18081,611
18082,611
18083,90
18084,130
18085,216
18087,81
18088,611
18090,81
18092,14
18094,14
18102,73
18115,102
18117,247
18120,432
18129,24
18131,105
18135,376
18137,1
18142,78
18144,102
18145,86
18152,18
18154,18
18158,33
18159,14
18160,33
18161,33
18163,83
18166,33
18171,83
18173,830
18176,33
18177,14
18179,14
18180,83
18182,83
18184,32
18188,47
18191,13
18193,47
18194,18
18195,18
18198,13
18199,86
18200,18
18203,33
18204,18
18205,5
18208,78
18209,829
18213,103
18215,73
18216,81
18222,83
18224,17
18225,735
18227,13
18229,21
18230,15
18232,13
18233,13
18234,21
18235,33
18236,13
18237,13
18238,187
18241,18
18242,13
18243,18
18244,15
18245,13
18248,13
18249,13
18250,33
18251,13
18253,21
18254,13
18255,187
18256,18
18257,88
18259,85
18262,18
18268,1352
18269,183
18280,134
18282,39
18283,25
18284,25
18288,39
18290,24
18295,203
18296,24
18297,16
18299,25
18300,850
18302,25
18303,127
18305,662
18308,73
18311,183
18313,24
18314,14
18316,21
18318,47
18320,78
18321,49
18327,13
18328,13
18329,191
18330,299
18331,87
18332,15
18333,15
18335,130
18336,713
18339,292
18340,247
18341,81
18343,242
18346,16
18350,130
18356,130
18358,83
18362,130
18363,83
18367,24
18368,81
18371,26
18374,87
18382,73
18384,127
18385,127
18387,73
18389,86
18390,86
18391,18
18395,850
18396,191
18397,130
18398,83
18399,735
18400,83
18401,387
18407,83
18408,191
18410,25
18419,265
18422,830
18424,21
18425,130
18428,15
18430,81
18432,73
18434,14
18438,387
18439,203
18440,89
18441,24
18442,179
18443,79
18444,179
18445,575
18447,1097
18448,179
18453,7
18454,20
18456,299
18457,89
18458,130
18459,84
18460,18
18473,184
18481,194
18487,742
18490,181
18492,181
18493,194
18496,25
18502,181
18503,25
18511,81
18513,481
18515,73
18518,73
18519,30
18521,7
18524,30
18525,73
18526,73
18527,130
18528,376
18529,73
18530,376
18531,387
18532,78
18533,376
18535,4
18536,78
18538,180
18539,376
18541,76
18542,376
18543,194
18544,378
18545,378
18548,73
18551,24
18552,18
18553,73
18554,73
18555,84
18556,176
18557,319
18560,24
18565,181
18566,194
18567,194
18571,182
18573,127
18574,179
18577,73
18579,432
18582,167
18583,169
18587,18
18591,18
18593,81
18598,184
18599,16
18602,17
18606,352
18607,30
18608,105
18609,30
18610,18
18611,79
18615,81
18617,181
18618,26
18619,195
18623,33
18624,33
18627,79
18628,79
18629,127
18630,190
18631,2139
18632,2139
18633,179
18634,16
18636,181
18637,182
18638,345
18641,642
18642,34
18643,311
18644,39
18647,39
18650,34
18653,34
18655,73
18656,735
18659,193
18660,24
18661,193
18663,306
18664,364
18665,193
18667,299
18670,130
18677,83
18680,292
18684,130
18687,185
18690,185
18692,46
18699,134
18704,184
18706,102
18707,13
18708,13
18709,13
18710,15
18712,13
18713,15
18714,15
18715,15
18716,13
18717,13
18721,15
18722,15
18723,626
18724,13
18732,16
18734,79
18735,79
18736,14
18737,25
18739,18
18740,61
18741,33
18744,13
